date,price
2025-03-15 12:38:00,89.99
2025-03-15 14:36:00,38.0
2025-03-15 16:18:00,89.99
2025-03-15 17:00:00,89.99
2025-03-15 17:50:00,89.99
2025-03-15 20:08:00,89.99
2025-03-16 00:00:00,89.99
2025-03-16 03:38:00,89.99
2025-03-16 05:56:00,179.99
2025-03-16 07:30:00,179.95
2025-03-16 07:36:00,89.99
2025-03-16 08:30:00,89.99
2025-03-16 10:50:00,89.99
2025-03-16 18:28:00,89.99
2025-03-16 20:26:00,89.99
2025-03-16 22:48:00,117.0
2025-03-16 23:08:00,89.99
2025-03-17 03:08:00,89.99
2025-03-17 05:28:00,88.49
2025-03-17 10:10:00,88.49
2025-03-17 12:18:00,88.49
2025-03-17 19:12:00,88.49
2025-03-17 19:18:00,88.49
2025-03-17 21:08:00,88.49
2025-03-18 02:56:00,88.49
2025-03-18 06:26:00,89.99
2025-03-18 09:40:00,89.99
2025-03-18 13:28:00,89.99
2025-03-18 15:46:00,89.99
2025-03-18 17:12:00,89.99
2025-03-18 18:24:00,89.99
2025-03-18 19:00:00,89.99
2025-03-18 22:46:00,89.99
2025-03-19 02:20:00,89.99
2025-03-19 03:10:00,89.99
2025-03-19 03:52:00,89.99
2025-03-19 04:20:00,89.99
2025-03-19 06:00:00,89.99
2025-03-19 09:24:00,89.99
2025-03-19 10:36:00,89.99
2025-03-19 11:42:00,89.99
2025-03-19 12:28:00,89.99
2025-03-19 18:52:00,89.99
2025-03-19 20:24:00,89.99
2025-03-20 00:30:00,38.0
2025-03-20 00:44:00,89.99
2025-03-20 02:32:00,89.99
2025-03-20 04:22:00,89.99
2025-03-20 08:14:00,89.45
2025-03-20 10:28:00,89.45
2025-03-20 13:20:00,89.45
2025-03-20 14:04:00,89.45
2025-03-20 15:16:00,89.45
2025-03-20 15:38:00,89.45
2025-03-20 15:42:00,38.0
2025-03-20 16:12:00,89.45
2025-03-20 17:56:00,38.0
2025-03-20 18:12:00,89.99
2025-03-20 19:22:00,89.99
2025-03-20 19:40:00,89.99
2025-03-21 00:00:00,89.99
2025-03-21 02:42:00,89.99
2025-03-21 04:12:00,89.99
2025-03-21 05:08:00,39.99
2025-03-21 10:20:00,89.82
2025-03-21 16:00:00,89.99
2025-03-21 16:22:00,89.46
2025-03-21 17:40:00,89.99
2025-03-21 19:18:00,89.82
2025-03-21 22:36:00,89.99
2025-03-21 23:40:00,89.63
2025-03-22 00:44:00,89.99
2025-03-22 02:34:00,38.0
2025-03-22 02:36:00,89.99
2025-03-22 02:40:00,38.0
2025-03-22 03:04:00,89.99
2025-03-22 05:04:00,89.46
2025-03-22 05:14:00,89.62
2025-03-22 08:24:00,89.99
2025-03-22 11:54:00,89.99
2025-03-22 13:20:00,89.79
2025-03-22 15:00:00,89.99
2025-03-22 17:12:00,89.46
2025-03-22 19:20:00,89.58
2025-03-22 20:32:00,89.99
2025-03-22 22:16:00,89.99
2025-03-22 22:24:00,89.46
2025-03-22 22:30:00,49.95
2025-03-23 00:24:00,89.99
2025-03-23 01:28:00,89.82
2025-03-23 02:46:00,89.99
2025-03-23 04:00:00,29.95
2025-03-23 04:04:00,69.95
2025-03-23 04:36:00,89.58
2025-03-23 04:58:00,44.95
2025-03-23 05:00:00,59.95
2025-03-23 06:28:00,89.79
2025-03-23 07:36:00,89.99
2025-03-23 09:00:00,89.64
2025-03-23 09:16:00,89.46
2025-03-23 09:22:00,89.99
2025-03-23 10:30:00,89.82
2025-03-23 11:48:00,94.99
2025-03-23 14:04:00,89.99
2025-03-23 16:12:00,89.85
2025-03-23 18:42:00,89.99
2025-03-23 21:52:00,87.99
2025-03-24 01:26:00,87.99
2025-03-24 01:44:00,87.99
2025-03-24 03:42:00,87.99
2025-03-24 06:40:00,87.99
2025-03-24 08:52:00,86.99
2025-03-24 15:24:00,86.99
2025-03-24 16:38:00,86.99
2025-03-24 17:28:00,86.99
2025-03-24 23:04:00,92.995
2025-03-25 00:20:00,86.99
2025-03-25 00:40:00,86.99
2025-03-25 03:40:00,86.99
2025-03-25 04:50:00,86.99
2025-03-25 04:54:00,86.99
2025-03-25 04:56:00,38.0
2025-03-25 06:58:00,88.71
2025-03-25 08:10:00,88.74
2025-03-25 13:56:00,88.74
2025-03-25 18:54:00,109.95
2025-03-25 19:08:00,88.74
2025-03-25 22:06:00,89.45
2025-03-25 23:14:00,88.74
2025-03-26 00:40:00,89.45
2025-03-26 01:44:00,89.45
2025-03-26 02:58:00,89.45
2025-03-26 05:12:00,88.71
2025-03-26 07:40:00,88.74
2025-03-26 10:06:00,88.74
2025-03-26 13:40:00,89.45
2025-03-26 14:24:00,88.74
2025-03-26 20:56:00,88.71
2025-03-27 02:22:00,88.74
2025-03-27 03:30:00,89.45
2025-03-27 04:52:00,88.74
2025-03-27 05:34:00,88.71
2025-03-27 07:32:00,38.0
2025-03-27 10:12:00,88.74
2025-03-27 13:56:00,88.74
2025-03-27 15:10:00,89.45
2025-03-27 18:20:00,88.74
2025-03-27 19:38:00,89.85
2025-03-27 19:42:00,89.85
2025-03-27 22:24:00,89.45
2025-03-27 23:26:00,89.62
2025-03-28 01:00:00,89.76
2025-03-28 03:14:00,38.0
2025-03-28 04:06:00,89.63
2025-03-28 04:40:00,19.99
2025-03-28 04:52:00,88.74
2025-03-28 05:12:00,88.71
2025-03-28 05:14:00,38.0
2025-03-28 08:12:00,88.76
2025-03-28 10:44:00,88.76
2025-03-28 15:20:00,88.64
2025-03-28 20:36:00,88.64
2025-03-29 01:12:00,88.64
2025-03-29 04:48:00,88.58
2025-03-29 05:26:00,88.64
2025-03-29 08:12:00,87.11
2025-03-29 09:52:00,87.11
2025-03-29 12:36:00,87.11
2025-03-29 12:56:00,89.99
2025-03-29 13:20:00,89.99
2025-03-29 14:26:00,88.74
2025-03-29 17:40:00,88.74
2025-03-29 17:54:00,88.74
2025-03-29 19:48:00,88.74
2025-03-29 20:34:00,88.74
2025-03-30 00:10:00,88.74
2025-03-30 03:24:00,88.55
2025-03-30 04:24:00,38.0
2025-03-30 05:00:00,86.99
2025-03-30 07:52:00,86.99
2025-03-30 12:02:00,86.99
2025-03-30 12:06:00,38.0
2025-03-30 16:20:00,86.99
2025-03-30 19:02:00,86.99
2025-03-30 21:12:00,86.99
2025-03-30 22:16:00,86.99
2025-03-31 02:00:00,86.99
2025-03-31 05:12:00,87.67
2025-03-31 06:46:00,87.67
2025-03-31 07:28:00,59.99
2025-03-31 07:54:00,87.72
2025-03-31 08:12:00,39.99
2025-03-31 10:20:00,87.75
2025-03-31 12:52:00,89.99
2025-03-31 16:16:00,87.75
2025-03-31 16:32:00,89.99
2025-03-31 17:30:00,87.75
2025-03-31 18:52:00,117.0
2025-03-31 19:20:00,87.75
2025-03-31 20:36:00,179.95
2025-03-31 21:04:00,89.99
2025-03-31 22:36:00,179.95
2025-03-31 23:54:00,199.95
2025-04-01 00:08:00,87.72
2025-04-01 03:52:00,87.72
2025-04-01 06:56:00,148.0
2025-04-01 10:02:00,148.0
2025-04-01 10:10:00,24.99
2025-04-01 16:50:00,113.76
2025-04-01 17:22:00,113.76
2025-04-01 17:36:00,113.76
2025-04-01 22:20:00,113.35
2025-04-02 00:36:00,113.35
2025-04-02 02:36:00,113.35
2025-04-02 05:12:00,110.41
2025-04-02 07:20:00,148.0
2025-04-02 16:28:00,89.99
2025-04-02 23:04:00,89.99
2025-04-03 01:00:00,89.99
2025-04-03 13:56:00,89.99
2025-04-03 19:20:00,89.99
2025-04-04 02:18:00,89.99
2025-04-04 09:38:00,89.99
2025-04-04 14:00:00,89.99
2025-04-04 17:54:00,89.99
2025-04-04 23:44:00,89.99
2025-04-05 02:36:00,89.99
2025-04-05 04:04:00,89.99
2025-04-05 07:20:00,89.99
2025-04-05 21:36:00,89.99
2025-04-06 01:02:00,89.99
2025-04-06 03:44:00,89.99
2025-04-06 05:26:00,89.99
2025-04-06 05:32:00,89.99
2025-04-06 09:06:00,89.99
2025-04-06 13:04:00,89.99
2025-04-06 19:12:00,89.99
2025-04-06 20:16:00,89.99
2025-04-06 21:20:00,89.99
2025-04-07 04:16:00,89.99
2025-04-07 09:16:00,89.99
2025-04-07 13:52:00,89.99
2025-04-07 18:10:00,89.99
2025-04-07 19:06:00,349.99
2025-04-08 01:20:00,89.99
2025-04-08 10:32:00,89.99
2025-04-08 13:30:00,89.99
2025-04-08 16:20:00,89.99
2025-04-08 17:22:00,89.99
2025-04-08 22:32:00,89.99
2025-04-09 01:20:00,89.99
2025-04-09 02:20:00,89.99
2025-04-09 05:26:00,89.99
2025-04-09 05:56:00,89.99
2025-04-09 12:10:00,89.99
2025-04-09 14:24:00,89.99
2025-04-09 17:08:00,89.99
2025-04-09 18:04:00,89.99
2025-04-09 23:04:00,89.99
2025-04-09 23:40:00,29.95
2025-04-10 07:00:00,89.99
2025-04-10 07:58:00,349.95
2025-04-10 09:32:00,89.99
2025-04-10 12:48:00,89.99
2025-04-10 16:18:00,89.99
2025-04-10 18:00:00,29.95
2025-04-10 18:24:00,89.99
2025-04-10 19:32:00,89.99
2025-04-10 21:34:00,89.99
2025-04-10 22:52:00,59.97
2025-04-11 02:44:00,89.99
2025-04-11 02:54:00,29.95
2025-04-11 04:12:00,89.99
2025-04-11 11:20:00,29.95
2025-04-11 15:24:00,89.99
2025-04-11 17:52:00,29.95
2025-04-11 18:56:00,89.0
2025-04-11 19:44:00,89.0
2025-04-11 20:00:00,117.0
2025-04-11 20:48:00,199.95
2025-04-11 21:14:00,199.95
2025-04-11 21:50:00,42.49
2025-04-11 23:44:00,89.0
2025-04-12 02:00:00,89.0
2025-04-12 02:24:00,29.95
2025-04-12 07:10:00,89.0
2025-04-12 08:44:00,89.0
2025-04-12 10:46:00,89.0
2025-04-12 15:20:00,29.95
2025-04-12 15:46:00,89.0
2025-04-12 22:36:00,89.0
2025-04-12 23:08:00,89.0
2025-04-13 01:02:00,88.0
2025-04-13 02:56:00,88.0
2025-04-13 04:44:00,88.0
2025-04-13 04:46:00,119.0
2025-04-13 09:56:00,88.0
2025-04-13 17:26:00,88.0
2025-04-13 22:18:00,88.0
2025-04-14 00:20:00,88.0
2025-04-14 04:58:00,88.0
2025-04-14 06:16:00,58.975
2025-04-14 07:08:00,38.0
2025-04-14 08:06:00,199.0
2025-04-14 08:34:00,88.0
2025-04-14 13:02:00,349.0
2025-04-14 13:52:00,29.95
2025-04-14 18:36:00,88.0
2025-04-14 19:14:00,29.95
2025-04-14 19:44:00,88.98
2025-04-14 21:32:00,88.98
2025-04-14 23:56:00,88.98
2025-04-15 00:42:00,89.99
2025-04-15 02:52:00,59.465
2025-04-15 05:04:00,88.98
2025-04-15 06:10:00,87.95
2025-04-15 07:16:00,199.0
2025-04-15 08:32:00,29.95
2025-04-15 17:08:00,88.98
2025-04-15 18:38:00,88.98
2025-04-15 20:52:00,29.95
2025-04-15 22:02:00,89.09
2025-04-15 22:18:00,49.95
2025-04-16 02:44:00,87.67
2025-04-16 04:34:00,87.67
2025-04-16 05:52:00,29.95
2025-04-16 08:16:00,199.95
2025-04-16 09:48:00,42.49
2025-04-16 09:56:00,87.72
2025-04-16 11:48:00,29.95
2025-04-16 17:00:00,88.98
2025-04-16 19:28:00,49.95
2025-04-16 20:40:00,88.98
2025-04-16 22:58:00,89.99
2025-04-16 23:12:00,199.0
2025-04-17 00:08:00,29.95
2025-04-17 00:52:00,88.98
2025-04-17 01:20:00,38.0
2025-04-17 03:24:00,89.99
2025-04-17 04:50:00,88.98
2025-04-17 05:10:00,29.95
2025-04-17 06:38:00,199.95
2025-04-17 08:02:00,88.98
2025-04-17 10:04:00,88.98
2025-04-17 10:40:00,88.98
2025-04-17 11:44:00,88.98
2025-04-17 13:22:00,88.98
2025-04-17 17:08:00,199.0
2025-04-17 20:24:00,88.98
2025-04-17 21:48:00,59.46
2025-04-17 23:56:00,29.95
2025-04-18 00:12:00,38.0
2025-04-18 00:14:00,88.98
2025-04-18 00:16:00,38.0
2025-04-18 00:52:00,88.98
2025-04-18 02:08:00,89.99
2025-04-18 02:28:00,199.95
2025-04-18 05:26:00,89.99
2025-04-18 10:08:00,199.95
2025-04-18 11:52:00,29.95
2025-04-18 12:16:00,88.93
2025-04-18 14:54:00,143.965
2025-04-18 15:40:00,199.0
2025-04-18 17:20:00,29.95
2025-04-18 17:34:00,89.99
2025-04-18 17:48:00,88.93
2025-04-18 19:44:00,88.93
2025-04-18 23:34:00,88.93
2025-04-19 02:20:00,88.93
2025-04-19 03:44:00,199.95
2025-04-19 10:34:00,89.99
2025-04-19 13:20:00,89.99
2025-04-19 13:54:00,63.465
2025-04-19 14:08:00,89.99
2025-04-19 14:52:00,29.95
2025-04-19 17:08:00,88.93
2025-04-19 19:16:00,88.93
2025-04-19 20:52:00,48.975
2025-04-19 22:26:00,89.99
2025-04-20 00:44:00,88.93
2025-04-20 00:54:00,89.99
2025-04-20 02:44:00,199.0
2025-04-20 05:04:00,89.99
2025-04-20 09:12:00,249.95
2025-04-20 11:24:00,74.725
2025-04-20 12:42:00,38.0
2025-04-20 14:40:00,89.97
2025-04-20 15:52:00,88.93
2025-04-20 18:18:00,199.95
2025-04-20 18:40:00,89.99
2025-04-20 21:56:00,89.99
2025-04-20 22:58:00,89.99
2025-04-21 01:10:00,89.99
2025-04-21 01:36:00,144.495
2025-04-21 02:52:00,29.95
2025-04-21 04:16:00,89.99
2025-04-21 08:32:00,88.93
2025-04-21 08:34:00,39.95
2025-04-21 10:20:00,88.93
2025-04-21 11:08:00,99.0
2025-04-21 11:10:00,89.99
2025-04-21 13:24:00,89.28
2025-04-21 13:26:00,39.95
2025-04-21 14:08:00,109.95
2025-04-21 14:12:00,89.06
2025-04-21 15:24:00,49.95
2025-04-21 16:04:00,89.72
2025-04-21 16:14:00,69.97
2025-04-21 18:16:00,79.95
2025-04-21 20:16:00,89.99
2025-04-21 21:28:00,99.0
2025-04-21 23:32:00,89.99
2025-04-22 00:26:00,59.95
2025-04-22 01:00:00,89.99
2025-04-22 05:28:00,89.99
2025-04-22 09:24:00,59.95
2025-04-22 10:06:00,89.99
2025-04-22 12:36:00,89.99
2025-04-22 20:58:00,89.99
2025-04-22 21:32:00,129.95
2025-04-22 22:24:00,89.99
2025-04-23 00:28:00,79.95
2025-04-23 02:02:00,89.99
2025-04-23 02:20:00,49.95
2025-04-23 06:04:00,89.99
2025-04-23 07:20:00,89.99
2025-04-23 11:28:00,89.99
2025-04-23 15:04:00,89.99
2025-04-23 17:18:00,88.0
2025-04-23 17:52:00,88.0
2025-04-23 19:12:00,38.0
2025-04-23 21:20:00,88.0
2025-04-24 03:12:00,88.0
2025-04-24 05:32:00,88.0
2025-04-24 08:24:00,88.0
2025-04-24 11:48:00,89.99
2025-04-24 14:50:00,199.95
2025-04-24 17:44:00,89.99
2025-04-24 19:20:00,89.99
2025-04-24 20:16:00,88.0
2025-04-24 21:18:00,199.0
2025-04-24 22:04:00,88.0
2025-04-24 23:56:00,88.0
2025-04-25 01:34:00,88.0
2025-04-25 02:58:00,38.0
2025-04-25 04:30:00,88.0
2025-04-25 06:18:00,199.95
2025-04-25 07:04:00,89.99
2025-04-25 10:20:00,39.95
2025-04-25 12:20:00,89.99
2025-04-25 14:52:00,39.95
2025-04-25 16:26:00,199.0
2025-04-25 16:48:00,89.99
2025-04-25 18:42:00,89.99
2025-04-25 20:52:00,89.99
2025-04-25 23:24:00,38.0
2025-04-25 23:40:00,39.95
2025-04-26 03:04:00,199.95
2025-04-26 03:28:00,88.0
2025-04-26 05:10:00,88.0
2025-04-26 07:12:00,88.0
2025-04-26 08:00:00,88.0
2025-04-26 11:24:00,88.0
2025-04-26 13:14:00,88.0
2025-04-26 13:24:00,38.0
2025-04-26 22:32:00,88.0
2025-04-27 01:50:00,88.0
2025-04-27 04:20:00,29.95
2025-04-27 04:30:00,78.975
2025-04-27 04:36:00,99.95
2025-04-27 04:48:00,39.95
2025-04-27 05:16:00,89.99
2025-04-27 07:24:00,89.99
2025-04-27 10:10:00,99.99
2025-04-27 14:40:00,89.99
2025-04-27 16:40:00,29.95
2025-04-27 18:24:00,89.99
2025-04-27 23:04:00,89.99
2025-04-28 00:04:00,89.99
2025-04-28 02:40:00,88.0
2025-04-28 04:20:00,88.0
2025-04-28 05:30:00,88.0
2025-04-28 07:04:00,199.475
2025-04-28 08:02:00,39.99
2025-04-28 09:22:00,88.0
2025-04-28 10:40:00,29.95
2025-04-28 13:24:00,88.0
2025-04-28 14:24:00,59.99
2025-04-28 17:50:00,88.0
2025-04-29 00:06:00,89.99
2025-04-29 02:00:00,89.99
2025-04-29 03:16:00,89.99
2025-04-29 05:04:00,89.99
2025-04-29 05:32:00,199.95
2025-04-29 06:52:00,29.95
2025-04-29 08:20:00,88.0
2025-04-29 08:26:00,199.0
2025-04-29 10:28:00,88.0
2025-04-29 11:18:00,88.0
2025-04-29 13:02:00,88.0
2025-04-29 13:22:00,199.0
2025-04-29 13:52:00,88.0
2025-04-29 14:38:00,29.95
2025-04-29 16:14:00,89.99
2025-04-29 18:12:00,89.99
2025-04-30 04:40:00,199.95
2025-04-30 10:08:00,29.95
2025-04-30 19:34:00,199.0
2025-05-01 00:18:00,199.95
2025-05-01 12:06:00,29.95
2025-05-01 19:04:00,199.0
2025-05-02 00:04:00,99.0
2025-05-02 00:06:00,199.95
2025-05-02 13:24:00,39.99
2025-05-02 17:40:00,89.99
2025-05-02 22:36:00,89.99
2025-05-03 08:44:00,89.99
2025-05-03 16:12:00,89.99
2025-05-04 02:48:00,89.99
2025-05-04 07:14:00,99.95
2025-05-04 07:38:00,169.95
2025-05-04 07:40:00,99.95
2025-05-04 20:52:00,89.99
2025-05-04 22:12:00,88.0
2025-05-04 22:56:00,88.0
2025-05-04 23:24:00,88.0
2025-05-05 00:52:00,88.0
2025-05-05 09:06:00,88.0
2025-05-05 12:52:00,88.0
2025-05-05 18:08:00,88.0
2025-05-05 20:14:00,88.0
2025-05-06 01:32:00,88.0
2025-05-06 13:56:00,88.0
2025-05-06 18:04:00,19.99
2025-05-06 18:42:00,88.0
2025-05-06 21:36:00,88.0
2025-05-06 22:54:00,88.0
2025-05-07 00:06:00,88.0
2025-05-07 05:50:00,88.0
2025-05-07 11:32:00,88.0
2025-05-07 19:36:00,88.0
2025-05-07 21:20:00,88.0
2025-05-07 23:00:00,88.0
2025-05-08 02:28:00,88.0
2025-05-08 03:48:00,88.0
2025-05-08 06:00:00,88.0
2025-05-08 08:26:00,88.0
2025-05-08 10:20:00,88.0
2025-05-08 15:20:00,88.0
2025-05-08 18:56:00,88.0
2025-05-08 21:48:00,88.0
2025-05-08 21:52:00,88.0
2025-05-08 22:56:00,87.99
2025-05-09 04:04:00,87.99
2025-05-09 05:56:00,87.99
2025-05-09 09:12:00,87.99
2025-05-09 11:54:00,87.99
2025-05-09 12:44:00,87.99
2025-05-09 17:32:00,87.99
2025-05-09 18:06:00,87.99
2025-05-09 21:26:00,87.99
2025-05-09 23:02:00,87.99
2025-05-10 00:12:00,22.48
2025-05-10 03:16:00,87.99
2025-05-10 08:14:00,23.8
2025-05-10 09:22:00,87.99
2025-05-10 11:16:00,87.99
2025-05-10 13:20:00,87.99
2025-05-10 17:38:00,87.99
2025-05-10 19:08:00,87.99
2025-05-10 23:42:00,87.99
2025-05-11 02:08:00,87.99
2025-05-11 08:42:00,87.99
2025-05-11 12:16:00,87.99
2025-05-11 16:20:00,87.99
2025-05-11 22:38:00,87.99
2025-05-12 04:12:00,87.99
2025-05-12 08:32:00,87.99
2025-05-12 13:28:00,87.99
2025-05-12 16:12:00,119.0
2025-05-12 18:38:00,87.99
2025-05-12 19:46:00,87.99
2025-05-12 20:12:00,87.99
2025-05-12 21:40:00,129.99
2025-05-12 22:18:00,129.99
2025-05-13 01:30:00,87.99
2025-05-13 10:20:00,87.99
2025-05-13 16:04:00,87.99
2025-05-14 00:32:00,87.99
2025-05-14 03:28:00,87.99
2025-05-14 09:34:00,87.99
2025-05-14 12:00:00,87.99
2025-05-14 14:40:00,87.99
2025-05-14 16:20:00,87.99
2025-05-14 16:56:00,87.99
2025-05-15 00:28:00,87.99
2025-05-15 03:44:00,87.99
2025-05-15 04:40:00,87.99
2025-05-15 12:04:00,87.99
2025-05-15 13:48:00,87.99
2025-05-15 19:20:00,87.99
2025-05-15 21:44:00,87.99
2025-05-15 22:48:00,87.99
2025-05-16 01:00:00,87.99
2025-05-16 06:48:00,87.99
2025-05-16 09:08:00,87.99
2025-05-16 11:20:00,87.99
2025-05-16 11:36:00,19.84
2025-05-16 16:28:00,87.99
2025-05-16 17:28:00,87.99
2025-05-16 18:40:00,87.99
2025-05-17 03:24:00,87.99
2025-05-17 09:42:00,87.99
2025-05-17 11:52:00,87.99
2025-05-17 17:04:00,87.99
2025-05-17 18:48:00,87.99
2025-05-17 20:32:00,87.99
2025-05-18 04:12:00,87.99
2025-05-18 08:16:00,87.99
2025-05-18 10:38:00,199.95
2025-05-18 11:52:00,87.99
2025-05-18 14:30:00,87.99
2025-05-18 14:56:00,87.99
2025-05-18 15:16:00,87.99
2025-05-18 18:08:00,87.99
2025-05-18 19:20:00,57.41
2025-05-18 20:50:00,87.99
2025-05-18 21:04:00,87.99
2025-05-18 22:00:00,87.99
2025-05-19 04:20:00,39.95
2025-05-19 04:24:00,39.95
2025-05-19 04:34:00,27.58
2025-05-19 05:04:00,87.99
2025-05-19 07:36:00,89.99
2025-05-19 08:04:00,49.95
2025-05-19 08:16:00,26.96
2025-05-19 08:36:00,63.995
2025-05-19 10:08:00,87.48
2025-05-19 10:26:00,79.95
2025-05-19 12:18:00,87.48
2025-05-19 12:36:00,49.95
2025-05-19 14:08:00,87.94
2025-05-19 16:24:00,87.48
2025-05-19 17:36:00,129.95
2025-05-19 19:12:00,87.44
2025-05-19 19:32:00,87.42
2025-05-19 19:56:00,87.41
2025-05-19 20:44:00,87.38
2025-05-19 21:32:00,87.35
2025-05-19 22:20:00,87.31
2025-05-19 22:44:00,87.3
2025-05-19 23:04:00,87.28
2025-05-20 00:00:00,87.25
2025-05-20 01:30:00,87.19
2025-05-20 02:40:00,87.15
2025-05-20 03:48:00,87.11
2025-05-20 05:36:00,87.06
2025-05-20 07:20:00,87.48
2025-05-20 10:58:00,89.99
2025-05-20 11:42:00,89.99
2025-05-20 12:08:00,26.92
2025-05-20 13:00:00,87.49
2025-05-20 16:08:00,87.48
2025-05-20 16:36:00,88.0
2025-05-20 16:52:00,87.5
2025-05-20 17:00:00,47.97
2025-05-20 17:26:00,49.95
2025-05-20 18:08:00,87.49
2025-05-20 19:12:00,87.49
2025-05-20 20:44:00,88.0
2025-05-20 22:02:00,87.5
2025-05-21 00:26:00,88.0
2025-05-21 01:52:00,87.49
2025-05-21 04:12:00,88.0
2025-05-21 05:04:00,87.48
2025-05-21 07:20:00,87.48
2025-05-21 10:20:00,87.49
2025-05-21 10:56:00,87.49
2025-05-21 13:22:00,87.5
2025-05-21 14:28:00,87.48
2025-05-21 17:56:00,129.99
2025-05-21 18:00:00,87.5
2025-05-21 18:04:00,149.95
2025-05-21 20:22:00,149.95
2025-05-21 21:08:00,88.59
2025-05-21 22:52:00,87.5
2025-05-22 00:52:00,87.5
2025-05-22 03:08:00,87.5
2025-05-22 06:16:00,88.59
2025-05-22 07:36:00,88.9
2025-05-22 08:46:00,88.3
2025-05-22 10:38:00,87.5
2025-05-22 13:40:00,88.54
2025-05-22 14:28:00,87.94
2025-05-22 15:48:00,89.54
2025-05-22 17:32:00,88.74
2025-05-22 20:10:00,87.54
2025-05-22 20:20:00,149.99
2025-05-23 00:00:00,149.95
2025-05-23 01:24:00,88.0
2025-05-23 02:32:00,87.97
2025-05-23 03:30:00,87.5
2025-05-23 04:08:00,87.8
2025-05-23 05:54:00,87.6
2025-05-23 07:12:00,87.8
2025-05-23 07:20:00,87.8
2025-05-23 08:12:00,88.0
2025-05-23 09:14:00,26.91
2025-05-23 09:16:00,87.6
2025-05-23 10:28:00,88.0
2025-05-23 11:28:00,87.58
2025-05-23 12:44:00,87.97
2025-05-23 15:44:00,88.0
2025-05-23 19:30:00,87.77
2025-05-23 20:36:00,87.57
2025-05-23 21:52:00,88.36
2025-05-23 23:00:00,87.96
2025-05-24 01:20:00,89.54
2025-05-24 02:54:00,89.14
2025-05-24 03:06:00,88.94
2025-05-24 05:04:00,87.94
2025-05-24 06:26:00,87.5
2025-05-24 08:24:00,88.0
2025-05-24 12:02:00,87.77
2025-05-24 13:16:00,87.8
2025-05-24 14:52:00,87.95
2025-05-24 19:20:00,87.57
2025-05-24 20:52:00,87.97
2025-05-24 22:08:00,87.77
2025-05-24 22:54:00,88.0
2025-05-24 23:24:00,88.0
2025-05-25 04:00:00,88.0
2025-05-25 09:52:00,88.0
2025-05-25 11:08:00,88.0
2025-05-25 13:04:00,88.0
2025-05-25 20:48:00,89.99
2025-05-25 23:24:00,89.99
2025-05-26 06:52:00,89.99
2025-05-26 08:26:00,27.88
2025-05-26 08:28:00,88.0
2025-05-26 10:32:00,88.0
2025-05-26 15:52:00,88.0
2025-05-26 17:26:00,88.0
2025-05-26 21:26:00,88.0
2025-05-26 23:48:00,88.0
2025-05-27 07:06:00,38.0
2025-05-27 08:24:00,89.99
2025-05-27 11:28:00,89.99
2025-05-27 16:18:00,38.0
2025-05-27 16:52:00,89.99
2025-05-27 17:40:00,89.99
2025-05-27 21:40:00,89.99
2025-05-28 00:12:00,89.99
2025-05-28 05:38:00,89.99
2025-05-28 12:16:00,89.99
2025-05-28 16:24:00,88.0
2025-05-28 19:28:00,49.99
2025-05-28 19:44:00,88.0
2025-05-28 20:24:00,88.0
2025-05-28 21:32:00,38.0
2025-05-28 22:32:00,88.0
2025-05-29 03:48:00,88.0
2025-05-29 05:54:00,88.0
2025-05-29 07:12:00,27.85
2025-05-29 08:24:00,88.0
2025-05-29 09:44:00,27.28
2025-05-29 10:52:00,28.03
2025-05-29 14:28:00,88.0
2025-05-29 16:14:00,88.0
2025-05-29 21:24:00,88.0
2025-05-29 23:16:00,88.0
2025-05-30 01:32:00,88.0
2025-05-30 07:52:00,88.0
2025-05-30 08:56:00,88.0
2025-05-30 11:14:00,88.0
2025-05-30 17:22:00,87.87
2025-05-30 19:50:00,87.87
2025-05-30 21:00:00,87.87
2025-05-30 22:12:00,87.87
2025-05-31 03:08:00,38.0
2025-05-31 04:12:00,87.87
2025-05-31 08:06:00,87.87
2025-05-31 19:50:00,89.99
2025-05-31 20:02:00,27.28
2025-05-31 23:24:00,89.99
2025-06-01 01:32:00,89.99
2025-06-01 03:40:00,28.03
2025-06-01 04:12:00,99.95
2025-06-01 04:30:00,39.95
2025-06-01 04:32:00,29.95
2025-06-01 04:42:00,69.95
2025-06-01 05:22:00,89.99
2025-06-01 07:06:00,89.99
2025-06-01 07:52:00,129.95
2025-06-01 08:00:00,79.94999999999999
2025-06-01 08:40:00,89.99
2025-06-01 11:36:00,249.95
2025-06-01 12:08:00,89.99
2025-06-01 15:50:00,89.99
2025-06-01 18:44:00,89.99
2025-06-01 19:24:00,89.99
2025-06-02 00:44:00,89.99
2025-06-02 02:56:00,89.99
2025-06-02 05:24:00,89.99
2025-06-02 14:06:00,89.99
2025-06-02 15:00:00,89.99
2025-06-02 17:36:00,88.0
2025-06-02 20:08:00,88.0
2025-06-02 22:18:00,88.0
2025-06-03 02:00:00,88.0
2025-06-03 03:12:00,88.0
2025-06-03 07:00:00,88.0
2025-06-03 07:58:00,88.0
2025-06-03 09:42:00,86.99
2025-06-03 10:52:00,88.0
2025-06-03 15:14:00,88.0
2025-06-03 18:08:00,88.0
2025-06-03 22:06:00,88.0
2025-06-04 00:00:00,49.95
2025-06-04 01:48:00,88.0
2025-06-04 04:38:00,88.0
2025-06-04 09:50:00,88.0
2025-06-04 12:34:00,88.0
2025-06-04 15:50:00,88.0
2025-06-04 15:54:00,38.0
2025-06-04 18:56:00,88.0
2025-06-04 21:44:00,88.0
2025-06-05 04:32:00,39.95
2025-06-05 05:32:00,89.99
2025-06-05 05:36:00,104.0
2025-06-05 05:56:00,87.48
2025-06-05 06:40:00,27.12
2025-06-05 07:34:00,87.48
2025-06-05 11:06:00,99.95
2025-06-05 12:40:00,27.83
2025-06-05 17:00:00,87.48
2025-06-05 17:22:00,27.08
2025-06-05 17:56:00,88.0
2025-06-05 18:12:00,98.0
2025-06-05 19:56:00,27.83
2025-06-05 20:58:00,27.08
2025-06-05 21:34:00,98.0
2025-06-06 03:44:00,98.0
2025-06-06 08:18:00,99.99
2025-06-06 09:54:00,98.0
2025-06-06 13:28:00,27.83
2025-06-06 16:20:00,98.0
2025-06-06 17:48:00,98.0
2025-06-06 18:16:00,99.0
2025-06-07 06:06:00,38.0
2025-06-07 09:30:00,38.0
2025-06-07 12:04:00,38.0
2025-06-07 13:34:00,27.68
2025-06-08 07:10:00,169.95
2025-06-08 07:18:00,99.95
2025-06-08 07:44:00,38.0
2025-06-08 12:36:00,49.95
2025-06-08 18:24:00,98.0
2025-06-08 20:12:00,79.95
2025-06-08 20:14:00,98.0
2025-06-08 20:16:00,38.0
2025-06-08 21:22:00,98.0
2025-06-08 21:42:00,98.0
2025-06-09 01:20:00,98.0
2025-06-09 01:52:00,98.0
2025-06-09 03:40:00,38.0
2025-06-09 03:58:00,98.0
2025-06-09 07:02:00,27.79
2025-06-09 07:52:00,98.0
2025-06-09 11:32:00,98.0
2025-06-09 13:44:00,98.0
2025-06-09 13:54:00,79.44
2025-06-09 14:04:00,79.18
2025-06-09 15:02:00,79.95
2025-06-09 15:36:00,98.0
2025-06-09 21:16:00,98.0
2025-06-10 08:48:00,27.07
2025-06-10 21:08:00,98.0
2025-06-11 00:44:00,98.0
2025-06-11 06:22:00,49.95
2025-06-11 06:28:00,98.0
2025-06-11 07:04:00,98.0
2025-06-11 09:58:00,49.95
2025-06-11 11:48:00,49.95
2025-06-11 21:06:00,98.0
2025-06-11 22:16:00,98.0
2025-06-11 23:52:00,49.95
2025-06-12 02:04:00,49.95
2025-06-12 03:20:00,98.0
2025-06-12 04:36:00,98.0
2025-06-12 07:12:00,98.0
2025-06-12 07:16:00,49.95
2025-06-12 12:24:00,49.95
2025-06-12 15:48:00,49.95
2025-06-12 20:30:00,98.0
2025-06-13 02:06:00,98.0
2025-06-13 03:28:00,49.95
2025-06-13 05:12:00,98.0
2025-06-13 07:04:00,98.0
2025-06-13 07:20:00,49.95
2025-06-13 10:42:00,49.95
2025-06-13 13:00:00,27.78
2025-06-13 17:02:00,27.13
2025-06-13 20:32:00,98.0
2025-06-13 23:36:00,98.0
2025-06-14 00:12:00,129.95
2025-06-14 04:30:00,127.32
2025-06-14 05:16:00,98.0
2025-06-14 08:16:00,98.0
2025-06-14 15:16:00,49.95
2025-06-14 15:56:00,98.0
2025-06-14 16:26:00,98.0
2025-06-14 17:04:00,122.55
2025-06-14 17:26:00,122.49
2025-06-14 17:56:00,39.99
2025-06-14 18:10:00,122.42
2025-06-14 18:52:00,113.975
2025-06-14 20:22:00,98.0
2025-06-14 22:00:00,98.0
2025-06-14 22:16:00,49.95
2025-06-14 23:08:00,121.87
2025-06-14 23:24:00,98.0
2025-06-15 00:22:00,121.69
2025-06-15 01:24:00,121.56
2025-06-15 01:32:00,49.95
2025-06-15 02:36:00,121.44
2025-06-15 03:12:00,121.36
2025-06-15 03:20:00,121.35
2025-06-15 03:22:00,38.0
2025-06-15 04:28:00,98.0
2025-06-15 05:22:00,129.95
2025-06-15 07:28:00,99.99
2025-06-15 07:32:00,99.95
2025-06-15 08:28:00,139.97
2025-06-15 09:16:00,49.95
2025-06-15 09:28:00,98.0
2025-06-15 11:42:00,49.95
2025-06-15 12:48:00,98.0
2025-06-15 17:04:00,98.0
2025-06-15 19:14:00,19.84
2025-06-15 20:14:00,49.95
2025-06-15 20:24:00,98.0
2025-06-15 21:38:00,49.99
2025-06-15 23:04:00,98.0
2025-06-16 01:00:00,27.91
2025-06-16 01:04:00,98.0
2025-06-16 03:32:00,98.0
2025-06-16 05:08:00,98.0
2025-06-16 07:04:00,59.99
2025-06-16 11:36:00,98.0
2025-06-16 13:20:00,98.0
2025-06-16 16:12:00,148.0
2025-06-16 16:32:00,39.99
2025-06-16 20:38:00,49.95
2025-06-16 21:28:00,27.14
2025-06-17 00:20:00,129.95
2025-06-17 00:28:00,129.95
2025-06-17 10:50:00,129.0
2025-06-17 13:54:00,129.0
2025-06-17 16:32:00,129.0
2025-06-17 17:48:00,29.98
2025-06-17 18:08:00,49.95
2025-06-17 19:20:00,129.0
2025-06-17 20:12:00,129.0
2025-06-18 01:44:00,129.0
2025-06-18 05:00:00,49.95
2025-06-18 07:20:00,129.0
2025-06-18 11:50:00,129.0
2025-06-18 12:54:00,49.95
2025-06-18 16:12:00,129.0
2025-06-18 19:00:00,129.0
2025-06-18 19:54:00,49.95
2025-06-18 20:36:00,129.0
2025-06-18 20:52:00,129.0
2025-06-18 23:56:00,49.95
2025-06-19 00:38:00,129.0
2025-06-19 05:08:00,129.0
2025-06-19 07:24:00,49.95
2025-06-19 08:40:00,129.0
2025-06-19 11:56:00,129.0
2025-06-19 13:06:00,129.0
2025-06-19 14:40:00,49.95
2025-06-19 18:22:00,130.0
2025-06-19 19:30:00,129.0
2025-06-19 20:28:00,129.0
2025-06-19 20:40:00,129.0
2025-06-19 21:04:00,58.0
2025-06-19 21:40:00,129.0
2025-06-19 22:56:00,129.0
2025-06-19 23:06:00,129.0
2025-06-19 23:26:00,129.0
2025-06-20 01:32:00,49.95
2025-06-20 04:36:00,129.0
2025-06-20 11:58:00,129.0
2025-06-20 13:20:00,129.0
2025-06-20 15:04:00,49.95
2025-06-20 15:10:00,129.0
2025-06-20 17:24:00,29.99
2025-06-20 18:04:00,129.0
2025-06-20 19:32:00,129.0
2025-06-20 20:24:00,129.0
2025-06-20 20:32:00,129.0
2025-06-20 22:14:00,129.0
2025-06-20 23:30:00,129.0
2025-06-21 01:28:00,49.95
2025-06-21 04:12:00,129.0
2025-06-21 06:16:00,129.0
2025-06-21 11:52:00,129.0
2025-06-21 13:36:00,129.0
2025-06-21 16:08:00,129.0
2025-06-21 17:52:00,129.0
2025-06-21 20:10:00,129.0
2025-06-21 21:34:00,129.0
2025-06-22 00:10:00,49.95
2025-06-22 03:42:00,129.0
2025-06-22 11:16:00,129.0
2025-06-22 12:42:00,129.0
2025-06-22 14:30:00,249.95
2025-06-22 15:38:00,129.0
2025-06-22 17:56:00,129.0
2025-06-22 20:08:00,19.84
2025-06-22 20:18:00,49.95
2025-06-22 22:16:00,119.0
2025-06-22 23:36:00,129.0
2025-06-23 00:28:00,129.0
2025-06-23 03:50:00,129.0
2025-06-23 06:40:00,129.0
2025-06-23 07:12:00,49.95
2025-06-23 09:04:00,129.0
2025-06-23 12:28:00,129.99
2025-06-23 13:28:00,129.95
2025-06-23 14:08:00,49.95
2025-06-23 15:16:00,129.0
2025-06-23 16:00:00,27.16
2025-06-23 18:20:00,19.97
2025-06-23 22:32:00,129.0
2025-06-24 00:00:00,27.99
2025-06-24 02:54:00,129.0
2025-06-24 03:24:00,49.95
2025-06-24 09:20:00,29.98
2025-06-24 09:50:00,129.0
2025-06-24 14:04:00,129.0
2025-06-24 18:04:00,27.05
2025-06-24 18:20:00,129.0
2025-06-24 23:44:00,130.0
2025-06-25 01:10:00,130.0
2025-06-25 06:56:00,27.04
2025-06-25 07:22:00,130.0
2025-06-25 07:40:00,27.84
2025-06-25 14:52:00,120.0
2025-06-25 19:06:00,120.0
2025-06-25 23:36:00,120.0
2025-06-26 02:44:00,120.0
2025-06-26 04:56:00,120.0
2025-06-26 05:52:00,120.0
2025-06-26 09:02:00,120.0
2025-06-26 09:48:00,29.98
2025-06-26 10:08:00,49.95
2025-06-27 02:00:00,27.01
2025-06-27 08:04:00,27.76
2025-06-27 13:40:00,27.01
2025-06-27 20:04:00,129.99
2025-06-28 00:22:00,129.95
2025-06-28 18:56:00,114.0
2025-06-28 23:28:00,114.0
2025-06-28 23:50:00,49.95
2025-06-29 06:44:00,114.0
2025-06-29 07:36:00,249.99
2025-06-29 07:42:00,114.0
2025-06-29 09:10:00,49.95
2025-06-29 09:36:00,299.95
2025-06-29 11:24:00,114.0
2025-06-29 13:00:00,114.0
2025-06-29 13:18:00,49.95
2025-06-29 18:48:00,114.0
2025-06-29 20:08:00,27.69
2025-06-29 21:40:00,114.0
2025-06-30 02:20:00,49.95
2025-06-30 03:12:00,70.495
2025-06-30 03:32:00,27.74
2025-06-30 05:46:00,114.0
2025-06-30 06:48:00,114.0
2025-06-30 10:18:00,114.0
2025-06-30 12:04:00,39.99
2025-06-30 12:36:00,114.0
2025-06-30 12:54:00,39.99
2025-06-30 13:42:00,114.0
2025-06-30 15:04:00,59.95
2025-06-30 16:04:00,114.0
2025-06-30 17:56:00,58.0
2025-06-30 18:08:00,27.0
2025-06-30 19:32:00,114.0
2025-06-30 22:40:00,114.0
2025-07-01 01:20:00,114.0
2025-07-01 03:06:00,114.0
2025-07-01 09:42:00,114.0
2025-07-01 15:10:00,114.0
2025-07-01 15:44:00,114.0
2025-07-01 17:38:00,128.0
2025-07-01 21:40:00,128.0
2025-07-02 00:24:00,128.0
2025-07-02 01:44:00,49.99
2025-07-02 05:26:00,128.0
2025-07-02 06:54:00,128.0
2025-07-02 12:48:00,128.0
2025-07-02 15:56:00,128.0
2025-07-02 19:00:00,128.0
2025-07-02 19:56:00,128.0
2025-07-02 20:28:00,126.0
2025-07-02 22:12:00,128.0
2025-07-02 22:20:00,128.0
2025-07-02 23:02:00,129.95
2025-07-03 00:00:00,128.0
2025-07-03 00:16:00,128.0
2025-07-03 00:28:00,128.0
2025-07-03 01:42:00,128.0
2025-07-03 01:52:00,126.0
2025-07-03 03:44:00,128.0
2025-07-03 04:40:00,128.0
2025-07-03 04:44:00,129.95
2025-07-03 07:56:00,49.99
2025-07-03 08:56:00,128.0
2025-07-03 12:00:00,128.0
2025-07-03 13:20:00,26.68
2025-07-03 14:02:00,27.43
2025-07-03 15:34:00,128.0
2025-07-03 17:00:00,59.95
2025-07-03 22:08:00,129.99
2025-07-03 22:38:00,59.99
2025-07-04 03:28:00,49.95
2025-07-04 03:38:00,49.99
2025-07-04 05:34:00,89.95
2025-07-04 08:32:00,59.99
2025-07-04 10:36:00,59.95
2025-07-04 14:16:00,59.99
2025-07-04 14:28:00,49.99
2025-07-04 19:10:00,125.0
2025-07-04 21:44:00,128.0
2025-07-05 01:44:00,129.99
2025-07-05 03:36:00,49.99
2025-07-05 04:24:00,27.3
2025-07-05 05:14:00,59.99
2025-07-05 13:34:00,59.99
2025-07-05 17:32:00,59.99
2025-07-05 23:00:00,59.95
2025-07-06 01:24:00,26.69
2025-07-06 03:08:00,49.99
2025-07-06 04:36:00,99.95
2025-07-06 07:04:00,99.99
2025-07-06 07:12:00,179.95
2025-07-06 07:16:00,78.0
2025-07-06 07:24:00,99.95
2025-07-06 07:26:00,99.95
2025-07-06 07:30:00,59.99
2025-07-06 08:52:00,75.99
2025-07-06 10:50:00,79.99
2025-07-06 11:00:00,75.99
2025-07-06 11:52:00,37.99
2025-07-06 12:36:00,59.989999999999995
2025-07-06 12:54:00,67.97
2025-07-06 13:04:00,79.99
2025-07-06 13:24:00,75.99
2025-07-06 13:26:00,79.99
2025-07-06 13:28:00,39.99
2025-07-06 14:32:00,37.99
2025-07-06 14:52:00,75.99
2025-07-06 15:08:00,79.99
2025-07-06 15:24:00,75.99
2025-07-06 18:00:00,99.0
2025-07-06 19:44:00,59.99
2025-07-06 23:14:00,79.99
2025-07-07 00:04:00,39.99
2025-07-07 00:28:00,79.99
2025-07-07 01:16:00,79.99
2025-07-07 02:50:00,79.99
2025-07-07 10:10:00,49.99
2025-07-07 10:28:00,79.99
2025-07-07 13:36:00,59.99
2025-07-07 14:48:00,79.99
2025-07-07 16:04:00,27.42
2025-07-07 16:44:00,79.99
2025-07-07 18:24:00,79.99
2025-07-07 20:08:00,78.0
2025-07-07 20:12:00,38.0
2025-07-07 22:36:00,59.95
2025-07-08 00:26:00,89.0
2025-07-08 00:30:00,99.0
2025-07-08 00:52:00,89.0
2025-07-08 02:24:00,59.99
2025-07-08 02:52:00,48.99
2025-07-08 04:42:00,54.95
2025-07-08 04:44:00,64.97
2025-07-08 04:48:00,54.95
2025-07-08 04:52:00,79.99
2025-07-08 05:56:00,97.99
2025-07-08 06:02:00,49.95
2025-07-08 06:04:00,97.99
2025-07-08 06:16:00,82.11
2025-07-08 07:46:00,169.95
2025-07-08 08:24:00,78.0
2025-07-08 08:40:00,82.11
2025-07-08 09:36:00,78.0
2025-07-08 11:28:00,82.11
2025-07-08 17:24:00,59.99
2025-07-08 17:36:00,27.46
2025-07-08 18:04:00,52.58
2025-07-08 19:26:00,59.99
2025-07-08 20:02:00,36.79
2025-07-08 21:22:00,49.99
2025-07-08 22:08:00,26.54
2025-07-09 00:08:00,59.99
2025-07-09 02:00:00,59.99
2025-07-09 06:12:00,38.0
2025-07-09 09:56:00,64.95
2025-07-09 20:40:00,59.99
2025-07-10 00:46:00,48.99
2025-07-10 03:44:00,59.99
2025-07-10 10:44:00,64.95
2025-07-10 14:24:00,59.95
2025-07-10 16:18:00,59.99
2025-07-10 17:04:00,38.0
2025-07-11 10:28:00,59.99
2025-07-11 14:20:00,64.95
2025-07-11 16:32:00,27.59
2025-07-12 00:16:00,26.69
2025-07-12 04:00:00,48.99
2025-07-12 04:18:00,82.11
2025-07-12 14:20:00,27.5
2025-07-12 14:32:00,34.95
2025-07-12 14:50:00,49.95
2025-07-12 15:00:00,49.99
2025-07-12 15:16:00,89.95
2025-07-12 19:58:00,26.49
2025-07-12 21:04:00,38.0
2025-07-12 21:36:00,27.5
2025-07-12 22:12:00,129.0
2025-07-13 00:00:00,129.0
2025-07-13 01:46:00,27.24
2025-07-13 01:48:00,129.0
2025-07-13 02:22:00,129.0
2025-07-13 05:42:00,49.95
2025-07-13 07:26:00,129.0
2025-07-13 10:12:00,49.95
2025-07-13 11:04:00,129.0
2025-07-13 12:16:00,49.95
2025-07-13 14:24:00,148.0
2025-07-13 17:26:00,49.95
2025-07-13 19:36:00,129.0
2025-07-13 19:54:00,148.0
2025-07-13 20:14:00,129.0
2025-07-13 21:52:00,129.0
2025-07-13 22:08:00,49.95
2025-07-13 22:20:00,299.95
2025-07-14 00:04:00,89.99
2025-07-14 01:28:00,49.95
2025-07-14 01:34:00,129.0
2025-07-14 04:48:00,148.0
2025-07-14 05:28:00,89.0
2025-07-14 11:04:00,58.0
2025-07-14 13:04:00,69.99
2025-07-14 13:56:00,99.0
2025-07-14 15:04:00,129.0
2025-07-14 16:52:00,149.95
2025-07-14 17:48:00,148.0
2025-07-14 19:22:00,89.99
2025-07-15 00:50:00,119.99
2025-07-15 02:12:00,39.99
2025-07-15 02:26:00,148.0
2025-07-15 05:48:00,119.99
2025-07-15 07:50:00,148.0
2025-07-15 09:24:00,119.99
2025-07-15 12:00:00,148.0
2025-07-15 20:34:00,199.95
2025-07-15 20:38:00,199.0
2025-07-15 21:36:00,199.0
2025-07-15 22:32:00,199.95
2025-07-16 01:22:00,199.0
2025-07-16 02:30:00,199.95
2025-07-16 10:04:00,199.0
2025-07-16 14:16:00,116.0
2025-07-16 15:28:00,115.0
2025-07-16 17:08:00,116.0
2025-07-16 19:56:00,116.0
2025-07-16 21:28:00,199.95
2025-07-16 21:56:00,115.0
2025-07-16 23:04:00,199.0
2025-07-17 00:38:00,115.0
2025-07-17 00:44:00,199.95
2025-07-17 01:16:00,27.93
2025-07-17 02:32:00,115.0
2025-07-17 03:32:00,28.0
2025-07-17 04:36:00,199.95
2025-07-17 04:40:00,199.0
2025-07-17 06:18:00,115.0
2025-07-17 06:28:00,115.0
2025-07-17 08:24:00,115.0
2025-07-17 09:32:00,113.95
2025-07-17 09:38:00,199.0
2025-07-17 10:40:00,113.95
2025-07-17 13:14:00,113.95
2025-07-17 14:08:00,27.98
2025-07-17 14:52:00,113.95
2025-07-17 16:00:00,113.95
2025-07-17 17:50:00,199.95
2025-07-17 20:04:00,115.29
2025-07-17 21:00:00,115.0
2025-07-17 23:52:00,199.0
2025-07-18 00:56:00,157.475
2025-07-18 03:32:00,115.0
2025-07-18 04:22:00,199.95
2025-07-18 04:44:00,115.0
2025-07-18 05:04:00,115.29
2025-07-18 05:14:00,147.0
2025-07-18 06:28:00,199.0
2025-07-18 06:40:00,115.29
2025-07-18 07:08:00,115.29
2025-07-18 09:48:00,199.0
2025-07-18 10:34:00,113.95
2025-07-18 12:24:00,116.0
2025-07-18 13:00:00,199.95
2025-07-18 13:44:00,149.95
2025-07-18 14:02:00,27.34
2025-07-18 14:28:00,199.95
2025-07-18 14:32:00,116.0
2025-07-18 16:44:00,199.0
2025-07-18 17:40:00,199.0
2025-07-18 18:14:00,116.0
2025-07-18 18:22:00,116.0
2025-07-18 22:50:00,114.98
2025-07-19 00:12:00,114.98
2025-07-19 02:54:00,114.98
2025-07-19 03:20:00,249.95
2025-07-19 03:40:00,114.98
2025-07-19 04:28:00,299.95
2025-07-19 05:20:00,249.95
2025-07-19 06:12:00,199.95
2025-07-19 06:34:00,299.95
2025-07-19 08:42:00,115.44
2025-07-19 08:52:00,115.16
2025-07-19 09:02:00,114.98
2025-07-19 11:04:00,116.0
2025-07-19 11:34:00,115.95
2025-07-19 12:44:00,199.0
2025-07-19 15:08:00,27.31
2025-07-19 15:52:00,115.0
2025-07-19 17:16:00,149.95
2025-07-19 17:32:00,115.0
2025-07-19 17:52:00,28.09
2025-07-19 19:04:00,199.95
2025-07-19 19:38:00,114.98
2025-07-19 22:52:00,114.98
2025-07-20 01:48:00,199.0
2025-07-20 02:54:00,199.95
2025-07-20 04:36:00,114.98
2025-07-20 04:46:00,114.98
2025-07-20 05:14:00,114.98
2025-07-20 05:52:00,114.98
2025-07-20 06:28:00,149.99
2025-07-20 06:38:00,149.99
2025-07-20 07:16:00,249.95
2025-07-20 07:38:00,149.95
2025-07-20 07:40:00,149.95
2025-07-20 08:00:00,147.0
2025-07-20 09:42:00,149.95
2025-07-20 11:00:00,109.95
2025-07-20 11:44:00,147.0
2025-07-20 12:48:00,109.95
2025-07-20 14:00:00,149.95
2025-07-20 15:16:00,109.95
2025-07-20 19:16:00,109.95
2025-07-20 19:48:00,109.95
2025-07-20 22:24:00,109.95
2025-07-21 01:32:00,109.95
2025-07-21 06:32:00,115.0
2025-07-21 07:28:00,27.25
2025-07-21 07:54:00,147.0
2025-07-21 08:04:00,115.0
2025-07-21 10:20:00,149.95
2025-07-21 10:48:00,115.0
2025-07-21 15:14:00,119.0
2025-07-21 15:16:00,110.0
2025-07-21 17:30:00,110.0
2025-07-21 21:22:00,110.0
2025-07-22 00:58:00,99.99
2025-07-22 06:32:00,99.99
2025-07-22 13:38:00,99.99
2025-07-22 14:48:00,99.99
2025-07-22 14:58:00,99.99
2025-07-22 15:12:00,99.99
2025-07-22 17:06:00,99.99
2025-07-22 20:08:00,99.99
2025-07-22 21:54:00,99.99
2025-07-23 02:18:00,99.99
2025-07-23 04:32:00,99.99
2025-07-23 07:42:00,99.99
2025-07-23 09:08:00,99.0
2025-07-23 14:46:00,99.99
2025-07-23 22:20:00,99.99
2025-07-24 00:20:00,99.99
2025-07-24 02:50:00,99.99
2025-07-24 04:20:00,99.99
2025-07-24 11:00:00,99.99
2025-07-24 16:50:00,99.99
2025-07-24 17:02:00,99.99
2025-07-24 17:12:00,99.99
2025-07-24 17:26:00,99.99
2025-07-24 17:42:00,99.99
2025-07-24 17:48:00,99.99
2025-07-24 18:54:00,99.99
2025-07-24 21:52:00,99.99
2025-07-25 02:40:00,48.99
2025-07-25 03:48:00,99.99
2025-07-25 06:36:00,99.99
2025-07-25 09:36:00,21.23
2025-07-25 10:20:00,99.99
2025-07-25 13:52:00,19.98
2025-07-25 15:12:00,99.99
2025-07-25 17:00:00,99.99
2025-07-26 03:48:00,25.97
2025-07-26 04:12:00,99.99
2025-07-26 06:14:00,99.99
2025-07-26 08:38:00,99.99
2025-07-26 14:12:00,99.99
2025-07-26 16:02:00,99.99
2025-07-26 17:08:00,99.99
2025-07-26 19:08:00,99.99
2025-07-26 19:16:00,99.99
2025-07-26 22:56:00,99.99
2025-07-27 01:02:00,99.99
2025-07-27 05:14:00,99.99
2025-07-27 06:00:00,125.41
2025-07-27 07:38:00,129.99
2025-07-27 07:48:00,129.99
2025-07-27 10:14:00,99.99
2025-07-27 13:00:00,99.99
2025-07-27 15:46:00,99.99
2025-07-27 17:08:00,125.99
2025-07-28 06:46:00,99.99
2025-07-28 07:54:00,99.99
2025-07-28 08:18:00,49.95
2025-07-28 09:04:00,39.99
2025-07-28 09:18:00,26.99
2025-07-28 10:58:00,19.99
2025-07-28 14:08:00,99.99
2025-07-28 15:00:00,59.95
2025-07-28 15:52:00,99.99
2025-07-28 16:26:00,99.99
2025-07-28 17:36:00,59.95
2025-07-28 18:06:00,49.95
2025-07-28 19:00:00,99.99
2025-07-28 21:32:00,74.49
2025-07-29 00:56:00,26.99
2025-07-29 07:12:00,19.99
2025-07-29 12:56:00,149.95
2025-07-29 13:40:00,49.95
2025-07-29 15:10:00,99.99
2025-07-29 16:06:00,59.95
2025-07-29 18:52:00,99.99
2025-07-29 19:44:00,99.99
2025-07-29 21:46:00,59.95
2025-07-29 22:08:00,99.99
2025-07-29 23:02:00,99.99
2025-07-30 00:44:00,99.99
2025-07-30 00:56:00,59.95
2025-07-30 01:52:00,99.99
2025-07-30 03:20:00,99.99
2025-07-30 03:48:00,99.99
2025-07-30 05:30:00,99.99
2025-07-30 13:28:00,59.95
2025-07-30 13:32:00,99.99
2025-07-30 16:02:00,99.99
2025-07-30 16:32:00,59.95
2025-07-30 19:04:00,38.0
2025-07-30 19:20:00,98.0
2025-07-31 00:38:00,59.95
2025-07-31 03:36:00,26.96
2025-07-31 04:36:00,98.0
2025-07-31 05:06:00,98.0
2025-07-31 07:00:00,98.0
2025-07-31 07:44:00,59.95
2025-07-31 09:00:00,98.0
2025-07-31 10:34:00,98.0
2025-07-31 13:48:00,64.95
2025-07-31 14:08:00,98.0
2025-07-31 21:56:00,38.0
2025-08-01 02:48:00,96.95
2025-08-01 08:44:00,96.95
2025-08-01 10:52:00,96.95
2025-08-01 13:34:00,96.95
2025-08-01 14:56:00,96.95
2025-08-01 16:04:00,119.0
2025-08-01 18:42:00,96.99
2025-08-01 19:28:00,96.99
2025-08-01 23:08:00,98.0
2025-08-01 23:20:00,96.99
2025-08-02 00:48:00,96.99
2025-08-02 02:18:00,96.99
2025-08-02 04:56:00,96.95
2025-08-02 08:34:00,96.95
2025-08-02 14:48:00,96.95
2025-08-02 18:20:00,96.95
2025-08-02 20:10:00,96.95
2025-08-03 00:00:00,96.95
2025-08-03 05:48:00,99.99
2025-08-03 06:30:00,96.95
2025-08-03 07:20:00,179.95
2025-08-03 08:46:00,96.95
2025-08-03 10:48:00,96.95
2025-08-03 12:32:00,96.95
2025-08-03 16:08:00,96.95
2025-08-03 17:06:00,96.95
2025-08-03 17:28:00,99.0
2025-08-03 20:08:00,96.95
2025-08-03 21:08:00,94.95
2025-08-04 01:24:00,94.95
2025-08-04 20:00:00,94.95
2025-08-04 21:50:00,94.95
2025-08-05 11:30:00,27.0
2025-08-05 19:38:00,129.95
2025-08-05 21:12:00,98.0
2025-08-05 23:32:00,129.95
2025-08-06 00:50:00,98.0
2025-08-06 02:42:00,27.35
2025-08-06 08:14:00,28.32
2025-08-06 08:28:00,54.95
2025-08-06 14:32:00,49.99
2025-08-06 20:44:00,98.0
2025-08-07 00:00:00,98.0
2025-08-07 02:16:00,98.0
2025-08-07 10:04:00,99.99
2025-08-07 16:22:00,99.0
2025-08-07 16:56:00,38.0
2025-08-07 20:38:00,98.0
2025-08-07 21:36:00,98.0
2025-08-08 03:10:00,98.0
2025-08-08 04:54:00,98.0
2025-08-08 05:22:00,98.0
2025-08-08 06:16:00,98.0
2025-08-08 06:44:00,98.0
2025-08-08 06:50:00,27.35
2025-08-08 11:28:00,39.99
2025-08-08 12:16:00,54.95
2025-08-08 19:48:00,49.95
2025-08-08 20:08:00,98.0
2025-08-08 21:30:00,48.99
2025-08-09 03:16:00,98.0
2025-08-09 04:58:00,98.0
2025-08-09 06:56:00,94.95
2025-08-09 08:44:00,94.95
2025-08-09 11:34:00,94.95
2025-08-09 13:10:00,94.95
2025-08-09 13:48:00,94.95
2025-08-09 15:30:00,17.99
2025-08-09 16:12:00,96.95
2025-08-09 21:36:00,96.95
2025-08-09 23:58:00,96.95
2025-08-10 04:14:00,69.95
2025-08-10 04:26:00,96.95
2025-08-10 04:34:00,99.95
2025-08-10 06:28:00,39.95
2025-08-10 07:26:00,99.95
2025-08-10 07:36:00,99.95
2025-08-10 07:44:00,34.95
2025-08-10 09:04:00,38.0
2025-08-10 09:20:00,96.95
2025-08-10 14:48:00,96.99
2025-08-10 23:18:00,96.99
2025-08-11 05:00:00,96.95
2025-08-11 06:56:00,96.95
2025-08-11 07:32:00,26.99
2025-08-11 07:56:00,96.95
2025-08-11 12:46:00,96.95
2025-08-11 14:36:00,96.95
2025-08-11 15:32:00,61.34
2025-08-11 17:38:00,96.95
2025-08-11 19:32:00,96.95
2025-08-12 05:42:00,96.95
2025-08-12 08:36:00,96.95
2025-08-12 13:18:00,96.95
2025-08-12 14:16:00,96.95
2025-08-12 15:34:00,96.95
2025-08-12 16:52:00,96.95
2025-08-12 17:04:00,96.95
2025-08-12 18:16:00,58.395
2025-08-12 20:16:00,96.95
2025-08-12 21:04:00,96.95
2025-08-12 22:12:00,96.95
2025-08-12 22:24:00,29.95
2025-08-13 00:12:00,96.95
2025-08-13 02:00:00,96.95
2025-08-13 03:36:00,39.99
2025-08-13 06:40:00,96.95
2025-08-13 08:30:00,96.95
2025-08-13 09:28:00,96.95
2025-08-13 10:40:00,24.28
2025-08-13 12:54:00,96.95
2025-08-13 16:46:00,96.95
2025-08-13 18:00:00,28.32
2025-08-13 18:54:00,38.0
2025-08-13 19:10:00,96.95
2025-08-13 22:42:00,96.95
2025-08-14 03:36:00,38.0
2025-08-14 08:36:00,96.95
2025-08-14 10:10:00,96.95
2025-08-14 10:28:00,96.95
2025-08-14 10:40:00,96.95
2025-08-14 12:12:00,96.95
2025-08-14 12:16:00,39.99
2025-08-14 15:16:00,96.95
2025-08-14 16:28:00,96.95
2025-08-14 17:24:00,96.95
2025-08-14 18:40:00,96.95
2025-08-14 20:52:00,96.95
2025-08-14 22:08:00,96.95
2025-08-14 23:16:00,67.475
2025-08-14 23:50:00,96.95
2025-08-15 02:40:00,96.95
2025-08-15 05:48:00,96.95
2025-08-15 08:52:00,96.95
2025-08-15 09:34:00,96.95
2025-08-15 10:36:00,96.95
2025-08-15 11:20:00,96.95
2025-08-15 16:04:00,96.95
2025-08-15 17:56:00,96.95
2025-08-15 20:20:00,96.99
2025-08-15 23:38:00,96.99
2025-08-16 00:30:00,96.99
2025-08-16 00:52:00,96.99
2025-08-16 01:38:00,96.99
2025-08-16 04:28:00,96.99
2025-08-16 07:52:00,98.0
2025-08-16 09:32:00,98.0
2025-08-16 10:16:00,95.95
2025-08-16 18:30:00,95.95
2025-08-16 21:18:00,95.95
2025-08-17 00:58:00,95.95
2025-08-17 03:58:00,95.95
2025-08-17 07:12:00,95.95
2025-08-17 08:50:00,95.95
2025-08-17 11:10:00,95.95
2025-08-17 12:20:00,95.95
2025-08-17 12:24:00,95.95
2025-08-17 12:54:00,95.95
2025-08-17 14:40:00,95.95
2025-08-17 17:36:00,95.95
2025-08-17 20:38:00,95.95
2025-08-18 01:04:00,95.95
2025-08-18 01:32:00,39.42
2025-08-18 02:48:00,95.95
2025-08-18 04:00:00,95.95
2025-08-18 06:12:00,95.95
2025-08-18 08:24:00,95.95
2025-08-18 10:46:00,95.95
2025-08-18 12:12:00,95.95
2025-08-18 14:36:00,95.95
2025-08-18 15:56:00,95.95
2025-08-18 17:08:00,95.95
2025-08-18 20:02:00,95.95
2025-08-19 00:44:00,95.95
2025-08-19 01:34:00,95.95
2025-08-19 05:32:00,95.95
2025-08-19 08:24:00,95.95
2025-08-19 10:24:00,98.0
2025-08-19 11:42:00,98.0
2025-08-19 15:18:00,98.0
2025-08-19 17:10:00,98.0
2025-08-19 19:20:00,99.95
2025-08-19 19:46:00,99.95
2025-08-19 21:52:00,98.0
2025-08-19 22:52:00,98.0
2025-08-20 01:16:00,98.0
2025-08-20 02:24:00,38.0
2025-08-20 02:34:00,98.0
2025-08-20 05:34:00,98.0
2025-08-20 06:16:00,98.0
2025-08-20 07:38:00,96.95
2025-08-20 15:20:00,96.95
2025-08-20 19:16:00,96.95
2025-08-20 21:06:00,38.0
2025-08-21 00:00:00,96.95
2025-08-21 03:48:00,62.495000000000005
2025-08-21 07:10:00,29.95
2025-08-21 08:08:00,96.95
2025-08-21 09:00:00,96.95
2025-08-21 09:22:00,29.95
2025-08-21 10:04:00,96.95
2025-08-21 10:44:00,96.95
2025-08-21 11:52:00,96.95
2025-08-21 13:56:00,96.95
2025-08-21 15:50:00,96.95
2025-08-21 18:04:00,29.159999999999997
2025-08-21 19:32:00,96.95
2025-08-21 22:18:00,96.95
2025-08-21 23:20:00,96.95
2025-08-21 23:28:00,38.0
2025-08-22 04:12:00,96.95
2025-08-22 06:28:00,96.95
2025-08-22 08:44:00,96.95
2025-08-22 10:52:00,96.95
2025-08-22 12:22:00,96.95
2025-08-22 13:52:00,96.95
2025-08-22 14:54:00,96.95
2025-08-22 16:38:00,96.95
2025-08-22 16:50:00,38.0
2025-08-22 19:00:00,96.95
2025-08-22 21:02:00,96.95
2025-08-22 21:44:00,99.99
2025-08-22 23:22:00,96.95
2025-08-23 00:56:00,27.73
2025-08-23 01:12:00,34.95
2025-08-23 03:28:00,29.99
2025-08-23 04:42:00,96.95
2025-08-23 04:44:00,99.0
2025-08-23 08:06:00,96.95
2025-08-23 10:26:00,98.0
2025-08-23 12:14:00,98.0
2025-08-23 12:44:00,98.0
2025-08-23 17:46:00,98.0
2025-08-23 20:34:00,98.0
2025-08-23 21:12:00,98.0
2025-08-23 23:32:00,98.0
2025-08-24 02:04:00,98.0
2025-08-24 03:24:00,29.99
2025-08-24 04:32:00,98.0
2025-08-24 05:28:00,98.0
2025-08-24 05:48:00,96.95
2025-08-24 07:04:00,96.95
2025-08-24 07:16:00,96.95
2025-08-24 07:56:00,39.95
2025-08-24 10:06:00,96.95
2025-08-24 10:20:00,154.99
2025-08-24 14:40:00,96.95
2025-08-24 17:42:00,39.95
2025-08-24 18:38:00,98.0
2025-08-24 21:52:00,98.0
2025-08-25 00:24:00,98.0
2025-08-25 01:04:00,39.95
2025-08-25 01:38:00,98.0
2025-08-25 01:54:00,98.0
2025-08-25 02:10:00,98.0
2025-08-25 05:38:00,96.95
2025-08-25 07:40:00,96.95
2025-08-25 11:16:00,39.95
2025-08-25 12:40:00,29.99
2025-08-25 16:30:00,39.95
2025-08-25 16:56:00,96.95
2025-08-25 17:38:00,39.95
2025-08-25 22:02:00,39.95
2025-08-25 23:00:00,38.0
2025-08-26 00:08:00,96.95
2025-08-26 00:32:00,38.0
2025-08-26 00:44:00,96.95
2025-08-26 02:30:00,29.95
2025-08-26 02:54:00,39.95
2025-08-26 03:02:00,96.95
2025-08-26 03:24:00,96.95
2025-08-26 07:44:00,96.95
2025-08-26 10:12:00,96.95
2025-08-26 13:40:00,96.95
2025-08-26 13:50:00,96.95
2025-08-26 14:14:00,96.95
2025-08-26 16:16:00,96.95
2025-08-26 17:22:00,39.95
2025-08-26 22:10:00,96.95
2025-08-26 22:30:00,96.95
2025-08-26 23:28:00,96.95
2025-08-26 23:36:00,28.67
2025-08-27 01:04:00,39.95
2025-08-27 01:58:00,29.95
2025-08-27 02:04:00,96.95
2025-08-27 05:32:00,96.95
2025-08-27 07:24:00,96.95
2025-08-27 07:42:00,39.95
2025-08-27 10:40:00,96.95
2025-08-27 11:40:00,29.95
2025-08-27 12:30:00,39.95
2025-08-27 13:48:00,96.95
2025-08-27 16:14:00,96.95
2025-08-27 16:58:00,142.99
2025-08-27 17:04:00,141.99
2025-08-27 17:06:00,199.95
2025-08-27 20:22:00,96.95
2025-08-27 21:44:00,96.95
2025-08-27 22:58:00,38.0
2025-08-27 23:40:00,199.95
2025-08-28 01:18:00,96.95
2025-08-28 02:34:00,29.95
2025-08-28 03:26:00,96.95
2025-08-28 06:50:00,96.95
2025-08-28 07:20:00,239.99
2025-08-28 09:04:00,199.95
2025-08-28 13:40:00,96.95
2025-08-28 17:48:00,96.95
2025-08-28 20:58:00,96.95
2025-08-28 21:24:00,41.34
2025-08-28 22:12:00,96.95
2025-08-29 00:28:00,29.95
2025-08-29 00:36:00,96.95
2025-08-29 00:38:00,38.0
2025-08-29 04:34:00,96.95
2025-08-29 07:32:00,96.95
2025-08-29 10:42:00,39.95
2025-08-29 10:48:00,29.39
2025-08-29 11:00:00,96.95
2025-08-29 12:10:00,38.0
2025-08-29 12:56:00,96.95
2025-08-29 16:34:00,96.95
2025-08-29 16:42:00,29.95
2025-08-29 18:48:00,96.95
2025-08-29 21:12:00,98.0
2025-08-29 21:16:00,141.99
2025-08-30 01:10:00,98.0
2025-08-30 04:08:00,98.0
2025-08-30 08:44:00,96.95
2025-08-30 11:20:00,96.95
2025-08-30 13:32:00,39.95
2025-08-30 13:48:00,29.99
2025-08-30 16:30:00,96.95
2025-08-30 16:42:00,96.95
2025-08-30 17:02:00,29.42
2025-08-30 18:04:00,38.0
2025-08-30 18:10:00,96.95
2025-08-30 18:40:00,96.95
2025-08-30 19:52:00,39.95
2025-08-30 21:28:00,96.95
2025-08-30 23:08:00,38.0
2025-08-30 23:28:00,96.95
2025-08-31 00:26:00,39.95
2025-08-31 02:08:00,96.95
2025-08-31 05:24:00,34.95
2025-08-31 06:04:00,96.95
2025-08-31 07:44:00,38.0
2025-08-31 08:12:00,96.95
2025-08-31 08:42:00,96.95
2025-08-31 11:30:00,39.95
2025-08-31 11:40:00,96.95
2025-08-31 15:36:00,96.95
2025-08-31 16:32:00,96.95
2025-08-31 17:30:00,39.95
2025-08-31 21:32:00,96.95
2025-08-31 22:46:00,129.95
2025-08-31 22:56:00,199.95
2025-09-01 00:22:00,96.95
2025-09-01 00:36:00,29.95
2025-09-01 03:12:00,39.95
2025-09-01 05:08:00,96.95
2025-09-01 05:50:00,96.95
2025-09-01 07:26:00,39.95
2025-09-01 07:44:00,34.99
2025-09-01 08:34:00,96.95
2025-09-01 08:52:00,96.95
2025-09-01 09:58:00,96.95
2025-09-01 10:26:00,96.95
2025-09-01 12:18:00,39.95
2025-09-01 14:04:00,34.99
2025-09-01 14:58:00,39.95
2025-09-01 15:30:00,34.99
2025-09-01 22:42:00,29.46
2025-09-02 00:16:00,96.95
2025-09-02 01:02:00,39.95
2025-09-02 03:36:00,119.0
2025-09-02 04:52:00,96.95
2025-09-02 06:40:00,29.95
2025-09-02 06:48:00,39.95
2025-09-02 10:20:00,96.95
2025-09-02 10:22:00,34.99
2025-09-02 13:04:00,39.95
2025-09-02 14:52:00,29.95
2025-09-02 15:44:00,39.95
2025-09-02 19:42:00,29.95
2025-09-02 20:38:00,39.99
2025-09-02 21:08:00,28.35
2025-09-02 21:12:00,29.4
2025-09-02 21:32:00,39.95
2025-09-02 23:18:00,96.95
2025-09-03 00:04:00,33.0
2025-09-03 01:44:00,39.95
2025-09-03 01:52:00,96.95
2025-09-03 04:10:00,33.0
2025-09-03 08:16:00,39.95
2025-09-03 11:38:00,39.99
2025-09-03 12:06:00,96.95
2025-09-03 14:08:00,39.95
2025-09-03 21:02:00,29.46
2025-09-03 21:32:00,33.0
2025-09-03 23:16:00,39.95
2025-09-04 04:00:00,96.95
2025-09-04 04:16:00,39.95
2025-09-04 08:20:00,96.95
2025-09-04 08:36:00,39.95
2025-09-04 15:52:00,33.0
2025-09-04 16:28:00,96.95
2025-09-04 18:00:00,33.0
2025-09-04 19:16:00,96.95
2025-09-04 20:38:00,118.0
2025-09-04 21:42:00,39.95
2025-09-04 22:24:00,39.95
2025-09-04 23:52:00,96.95
2025-09-05 01:12:00,29.95
2025-09-05 03:44:00,29.47
2025-09-05 05:28:00,39.95
2025-09-05 08:32:00,39.95
2025-09-05 12:16:00,29.95
2025-09-05 13:12:00,39.95
2025-09-05 15:40:00,96.95
2025-09-05 23:58:00,98.0
2025-09-06 00:22:00,39.95
2025-09-06 01:36:00,29.95
2025-09-06 06:52:00,39.95
2025-09-06 11:30:00,39.95
2025-09-06 17:30:00,39.95
2025-09-06 17:32:00,33.0
2025-09-06 19:48:00,96.95
2025-09-07 01:10:00,117.49
2025-09-07 02:36:00,117.4
2025-09-07 03:34:00,39.95
2025-09-07 04:14:00,33.0
2025-09-07 05:40:00,33.0
2025-09-07 08:24:00,39.95
2025-09-07 09:08:00,29.95
2025-09-07 09:12:00,96.95
2025-09-07 21:04:00,96.95
2025-09-07 22:32:00,96.95
2025-09-08 01:22:00,39.95
2025-09-08 02:52:00,33.0
2025-09-08 04:06:00,29.26
2025-09-08 04:08:00,96.95
2025-09-08 05:06:00,39.95
2025-09-08 06:40:00,116.99
2025-09-08 08:04:00,69.99
2025-09-08 08:50:00,30.01
2025-09-08 10:36:00,39.95
2025-09-08 11:46:00,29.26
2025-09-08 16:54:00,39.95
2025-09-08 19:32:00,39.95
2025-09-08 20:16:00,117.4
2025-09-08 22:52:00,39.95
2025-09-09 00:02:00,149.0
2025-09-09 00:40:00,29.95
2025-09-09 01:44:00,149.0
2025-09-09 04:08:00,39.95
2025-09-09 04:36:00,149.0
2025-09-09 04:40:00,29.16
2025-09-09 06:24:00,98.41
2025-09-09 06:42:00,149.0
2025-09-09 08:24:00,39.95
2025-09-09 19:12:00,39.95
2025-09-09 21:20:00,39.95
2025-09-10 01:12:00,39.95
2025-09-10 04:38:00,249.0
2025-09-10 05:46:00,39.95
2025-09-10 08:12:00,116.0
2025-09-10 13:32:00,29.51
2025-09-10 23:40:00,29.95
2025-09-11 10:20:00,148.0
2025-09-11 10:28:00,28.5
2025-09-11 20:36:00,39.99
2025-09-11 21:28:00,100.99
2025-09-11 22:56:00,39.95
2025-09-12 06:14:00,100.99
2025-09-12 07:28:00,100.99
2025-09-12 08:56:00,28.51
2025-09-12 09:52:00,100.99
2025-09-12 13:08:00,100.99
2025-09-12 15:30:00,44.99
2025-09-12 15:32:00,70.47
2025-09-12 18:20:00,100.99
2025-09-12 20:36:00,29.95
2025-09-12 22:26:00,100.99
2025-09-12 23:36:00,100.99
2025-09-13 04:36:00,29.95
2025-09-13 05:16:00,100.99
2025-09-13 07:28:00,100.99
2025-09-13 08:06:00,100.99
2025-09-13 11:16:00,100.99
2025-09-13 11:36:00,115.4
2025-09-13 13:26:00,100.99
2025-09-13 14:12:00,116.0
2025-09-13 15:12:00,100.99
2025-09-13 16:44:00,100.99
2025-09-13 19:08:00,39.95
2025-09-13 19:48:00,100.99
2025-09-13 21:18:00,100.99
2025-09-13 23:16:00,100.99
2025-09-14 00:20:00,39.99
2025-09-14 04:18:00,39.95
2025-09-14 06:10:00,100.99
2025-09-14 07:48:00,28.49
2025-09-14 08:04:00,100.99
2025-09-14 09:40:00,29.95
2025-09-14 12:20:00,100.99
2025-09-14 12:26:00,39.95
2025-09-14 14:42:00,100.99
2025-09-14 18:12:00,100.99
2025-09-14 18:20:00,119.0
2025-09-14 18:30:00,29.95
2025-09-14 20:04:00,100.99
2025-09-14 22:32:00,39.95
2025-09-14 23:54:00,29.95
2025-09-15 00:16:00,100.99
2025-09-15 02:08:00,98.0
2025-09-15 02:48:00,116.0
2025-09-15 03:34:00,100.99
2025-09-15 06:56:00,44.99
2025-09-15 07:04:00,28.59
2025-09-15 08:06:00,49.99
2025-09-15 09:02:00,100.99
2025-09-15 10:16:00,39.95
2025-09-15 11:44:00,100.99
2025-09-15 12:02:00,100.99
2025-09-15 13:22:00,44.99
2025-09-15 14:20:00,39.95
2025-09-15 14:46:00,28.58
2025-09-15 14:58:00,39.95
2025-09-15 16:22:00,99.95
2025-09-15 17:18:00,100.99
2025-09-15 18:14:00,39.95
2025-09-15 19:20:00,39.95
2025-09-15 19:50:00,100.99
2025-09-15 22:00:00,44.99
2025-09-16 07:42:00,98.0
2025-09-16 10:24:00,39.99
2025-09-16 11:30:00,100.99
2025-09-16 13:40:00,49.99
2025-09-16 16:06:00,28.49
2025-09-16 18:32:00,99.95
2025-09-16 20:56:00,119.0
2025-09-16 21:12:00,100.99
2025-09-16 21:56:00,44.99
2025-09-16 23:40:00,95.99
2025-09-17 01:02:00,95.99
2025-09-17 01:32:00,39.95
2025-09-17 04:16:00,95.99
2025-09-17 08:04:00,95.99
2025-09-17 09:20:00,95.99
2025-09-17 10:32:00,39.95
2025-09-17 11:36:00,95.99
2025-09-17 13:30:00,95.99
2025-09-17 15:04:00,39.95
2025-09-17 16:08:00,28.58
2025-09-17 16:18:00,95.99
2025-09-17 17:32:00,95.99
2025-09-17 18:56:00,95.99
2025-09-17 19:46:00,39.95
2025-09-17 21:28:00,95.99
2025-09-17 22:40:00,95.99
2025-09-17 23:52:00,39.95
2025-09-18 00:28:00,29.95
2025-09-18 01:16:00,95.99
2025-09-18 02:20:00,95.99
2025-09-18 03:04:00,29.95
2025-09-18 03:08:00,39.95
2025-09-18 03:22:00,95.99
2025-09-18 05:20:00,95.99
2025-09-18 06:32:00,95.99
2025-09-18 07:44:00,95.99
2025-09-18 08:28:00,39.95
2025-09-18 10:28:00,95.99
2025-09-18 11:44:00,39.99
2025-09-18 11:46:00,95.99
2025-09-18 12:06:00,28.21
2025-09-18 13:08:00,39.95
2025-09-18 14:42:00,28.16
2025-09-18 16:24:00,95.99
2025-09-18 17:36:00,95.99
2025-09-18 20:12:00,95.99
2025-09-18 21:44:00,39.99
2025-09-18 22:48:00,100.99
2025-09-18 23:52:00,39.95
2025-09-19 01:16:00,29.95
2025-09-19 02:50:00,39.95
2025-09-19 07:28:00,39.99
2025-09-19 08:58:00,39.95
2025-09-19 14:00:00,39.95
2025-09-19 15:12:00,100.99
2025-09-19 15:40:00,29.95
2025-09-19 16:22:00,39.95
2025-09-19 18:20:00,100.99
2025-09-19 20:20:00,29.95
2025-09-19 22:04:00,39.95
2025-09-19 23:04:00,239.0
2025-09-20 00:14:00,28.14
2025-09-20 01:32:00,100.99
2025-09-20 03:40:00,100.99
2025-09-20 15:40:00,100.99
2025-09-20 16:36:00,39.99
2025-09-20 16:52:00,100.99
2025-09-20 17:44:00,28.12
2025-09-20 18:06:00,39.95
2025-09-20 18:18:00,100.99
2025-09-20 19:42:00,100.99
2025-09-20 21:16:00,39.95
2025-09-20 22:36:00,100.99
2025-09-21 00:48:00,100.99
2025-09-21 01:34:00,100.99
2025-09-21 01:48:00,39.95
2025-09-21 03:32:00,100.99
2025-09-21 05:54:00,100.99
2025-09-21 07:48:00,249.95
2025-09-21 08:20:00,100.99
2025-09-21 08:56:00,29.95
2025-09-21 09:36:00,39.95
2025-09-21 11:28:00,129.99
2025-09-21 12:52:00,100.99
2025-09-21 13:04:00,149.95
2025-09-21 13:50:00,100.99
2025-09-21 15:26:00,39.95
2025-09-21 15:44:00,100.99
2025-09-21 16:38:00,29.95
2025-09-21 17:18:00,149.95
2025-09-21 17:38:00,39.99
2025-09-21 19:00:00,39.95
2025-09-21 19:26:00,100.99
2025-09-21 19:56:00,100.99
2025-09-21 21:12:00,100.99
2025-09-21 21:20:00,39.95
2025-09-21 21:40:00,249.99
2025-09-21 22:40:00,100.99
2025-09-21 22:52:00,239.0
2025-09-22 00:52:00,100.99
2025-09-22 01:12:00,39.95
2025-09-22 02:36:00,100.99
2025-09-22 03:22:00,100.99
2025-09-22 04:56:00,100.99
2025-09-22 06:08:00,100.99
2025-09-22 06:16:00,39.95
2025-09-22 07:12:00,100.99
2025-09-22 07:50:00,39.95
2025-09-22 08:44:00,29.95
2025-09-22 09:36:00,54.95
2025-09-22 10:50:00,100.99
2025-09-22 11:40:00,89.95
2025-09-22 14:22:00,100.99
2025-09-22 15:00:00,39.95
2025-09-22 15:08:00,29.95
2025-09-22 17:04:00,100.99
2025-09-22 19:04:00,142.99
2025-09-22 20:00:00,249.99
2025-09-22 20:40:00,100.99
2025-09-22 20:44:00,249.0
2025-09-22 21:24:00,149.95
2025-09-22 21:44:00,39.95
2025-09-22 22:28:00,149.95
2025-09-23 00:48:00,100.99
2025-09-23 01:16:00,39.95
2025-09-23 02:48:00,100.99
2025-09-23 06:14:00,39.95
2025-09-23 08:46:00,100.99
2025-09-23 10:10:00,100.99
2025-09-23 15:00:00,100.99
2025-09-23 15:16:00,100.99
2025-09-23 20:24:00,100.99
2025-09-23 22:50:00,100.99
2025-09-24 05:18:00,100.99
2025-09-24 06:38:00,100.99
2025-09-24 07:20:00,39.95
2025-09-24 09:12:00,100.99
2025-09-24 10:48:00,100.99
2025-09-24 11:44:00,100.99
2025-09-24 11:56:00,100.99
2025-09-24 12:06:00,39.95
2025-09-24 13:32:00,39.95
2025-09-24 15:24:00,39.99
2025-09-24 16:28:00,100.99
2025-09-24 18:42:00,39.95
2025-09-24 19:48:00,39.95
2025-09-24 20:52:00,100.99
2025-09-24 21:50:00,100.99
2025-09-24 22:46:00,39.95
2025-09-25 02:12:00,100.99
2025-09-25 03:48:00,100.99
2025-09-25 05:00:00,100.99
2025-09-25 06:24:00,39.95
2025-09-25 09:56:00,17.99
2025-09-25 13:56:00,100.99
2025-09-25 14:56:00,39.95
2025-09-25 15:10:00,100.99
2025-09-25 17:08:00,100.99
2025-09-25 18:26:00,100.99
2025-09-25 18:58:00,16.14
2025-09-25 19:36:00,149.0
2025-09-26 04:18:00,29.95
2025-09-26 05:12:00,141.5
2025-09-26 06:22:00,149.0
2025-09-26 11:24:00,39.95
2025-09-26 15:46:00,29.95
2025-09-26 17:22:00,39.95
2025-09-26 19:22:00,141.5
2025-09-26 20:32:00,149.99
2025-09-26 20:40:00,141.91
2025-09-26 21:00:00,149.99
2025-09-26 21:32:00,141.91
2025-09-26 21:52:00,149.99
2025-09-26 23:12:00,141.91
2025-09-27 00:22:00,149.99
2025-09-27 02:24:00,39.95
2025-09-27 04:14:00,141.91
2025-09-27 04:28:00,149.99
2025-09-27 04:40:00,141.91
2025-09-27 05:20:00,39.95
2025-09-27 05:50:00,149.99
2025-09-27 07:12:00,141.91
2025-09-27 07:46:00,149.99
2025-09-27 09:44:00,39.99
2025-09-27 11:32:00,39.95
2025-09-27 12:50:00,149.0
2025-09-27 17:28:00,139.95
2025-09-27 20:48:00,29.95
2025-09-27 21:30:00,39.95
2025-09-27 22:32:00,149.95
2025-09-27 22:40:00,39.95
2025-09-28 01:16:00,39.95
2025-09-28 09:02:00,149.99
2025-09-28 11:04:00,249.99
2025-09-28 12:44:00,39.95
2025-09-28 14:02:00,149.99
2025-09-28 17:00:00,39.95
2025-09-28 23:30:00,39.95
2025-09-29 02:12:00,39.95
2025-09-29 09:04:00,39.95
2025-09-29 11:30:00,39.99
2025-09-29 12:08:00,39.95
2025-09-29 15:36:00,129.38
2025-09-29 15:40:00,129.38
2025-09-29 17:08:00,249.95
2025-09-29 17:28:00,129.38
2025-09-29 17:52:00,138.24
2025-09-29 18:14:00,149.95
2025-09-29 19:04:00,129.38
2025-09-29 19:56:00,39.95
2025-09-29 22:06:00,129.38
2025-09-29 22:52:00,64.95
2025-09-29 23:12:00,149.0
2025-09-30 00:24:00,129.38
2025-09-30 01:36:00,129.38
2025-09-30 04:28:00,39.99
2025-09-30 08:08:00,129.38
2025-09-30 09:20:00,129.38
2025-09-30 11:52:00,129.38
2025-09-30 13:42:00,129.38
2025-09-30 14:18:00,129.38
2025-09-30 14:24:00,129.38
2025-09-30 15:12:00,129.38
2025-09-30 16:40:00,149.0
2025-09-30 17:28:00,129.38
2025-09-30 19:08:00,39.99
2025-09-30 20:04:00,129.38
2025-09-30 21:28:00,129.38
2025-09-30 22:32:00,149.0
2025-09-30 23:38:00,129.38
2025-10-01 00:14:00,129.38
2025-10-01 00:20:00,149.99
2025-10-01 02:00:00,149.0
2025-10-01 06:32:00,128.41
2025-10-01 06:40:00,149.95
2025-10-01 07:34:00,149.0
2025-10-01 08:48:00,128.41
2025-10-01 09:58:00,133.11
2025-10-01 11:12:00,128.41
2025-10-01 13:02:00,149.99
2025-10-01 13:52:00,128.41
2025-10-01 15:04:00,128.41
2025-10-01 15:44:00,128.41
2025-10-01 17:18:00,149.0
2025-10-01 19:42:00,149.95
2025-10-02 00:14:00,39.99
2025-10-02 01:24:00,39.99
2025-10-02 14:52:00,149.99
2025-10-02 15:58:00,54.95
2025-10-02 16:12:00,149.95
2025-10-02 16:16:00,29.95
2025-10-02 19:34:00,39.99
2025-10-02 22:48:00,149.99
2025-10-03 02:50:00,149.95
2025-10-03 03:44:00,39.99
2025-10-03 11:02:00,28.05
2025-10-03 12:08:00,54.95
2025-10-03 21:34:00,39.99
2025-10-04 09:04:00,149.99
2025-10-04 12:40:00,28.17
2025-10-05 02:22:00,149.95
2025-10-05 06:16:00,99.95
2025-10-05 06:36:00,33.94
2025-10-05 07:30:00,34.95
2025-10-05 07:38:00,89.99
2025-10-05 07:52:00,129.99
2025-10-05 08:30:00,39.95
2025-10-05 09:04:00,129.99
2025-10-05 09:28:00,39.95
2025-10-05 09:38:00,169.99
2025-10-05 12:04:00,69.95
2025-10-05 17:40:00,39.95
2025-10-06 00:14:00,39.95
2025-10-06 11:36:00,149.99
2025-10-06 12:22:00,129.99
2025-10-06 14:44:00,39.95
2025-10-06 15:44:00,39.95
2025-10-06 20:22:00,249.95
2025-10-06 23:16:00,149.99
2025-10-06 23:30:00,129.99
2025-10-07 00:52:00,149.95
2025-10-07 05:52:00,169.99
2025-10-07 06:24:00,103.16
2025-10-07 06:40:00,129.99
2025-10-07 07:36:00,109.475
2025-10-07 07:40:00,39.95
2025-10-07 07:48:00,103.16
2025-10-07 07:52:00,129.95
2025-10-07 08:28:00,169.95
2025-10-07 08:50:00,29.95
2025-10-07 09:38:00,39.95
2025-10-07 10:02:00,103.16
2025-10-07 10:04:00,39.95
2025-10-07 12:56:00,103.16
2025-10-07 13:00:00,28.16
2025-10-07 13:04:00,103.16
2025-10-07 14:00:00,103.16
2025-10-07 14:08:00,103.16
2025-10-07 14:32:00,39.95
2025-10-07 15:12:00,103.16
2025-10-07 16:08:00,39.95
2025-10-07 16:52:00,103.16
2025-10-07 16:54:00,38.0
2025-10-07 16:56:00,40.0
2025-10-07 17:04:00,38.0
2025-10-07 17:08:00,40.0
2025-10-07 17:12:00,33.97
2025-10-07 18:00:00,39.95
2025-10-07 18:52:00,38.0
2025-10-07 19:40:00,33.97
2025-10-07 20:18:00,103.16
2025-10-07 21:36:00,39.99
2025-10-07 22:52:00,40.0
2025-10-07 23:16:00,38.0
2025-10-08 00:00:00,39.95
2025-10-08 00:02:00,103.16
2025-10-08 01:04:00,39.95
2025-10-08 02:18:00,103.16
2025-10-08 03:50:00,103.16
2025-10-08 03:56:00,39.95
2025-10-08 05:20:00,34.95
2025-10-08 05:38:00,40.0
2025-10-08 07:04:00,38.0
2025-10-08 09:30:00,103.16
2025-10-08 11:36:00,39.99
2025-10-08 12:00:00,103.16
2025-10-08 12:12:00,28.04
2025-10-08 14:00:00,40.0
2025-10-08 15:00:00,39.95
2025-10-08 15:04:00,38.0
2025-10-08 16:00:00,40.0
2025-10-08 17:04:00,38.0
2025-10-08 17:06:00,40.0
2025-10-08 18:12:00,38.0
2025-10-08 18:18:00,39.95
2025-10-08 18:48:00,49.95
2025-10-08 19:22:00,40.0
2025-10-08 19:52:00,49.95
2025-10-08 20:20:00,103.16
2025-10-08 20:44:00,38.0
2025-10-08 22:44:00,40.0
2025-10-08 23:32:00,103.16
2025-10-09 00:04:00,38.0
2025-10-09 00:20:00,39.95
2025-10-09 03:26:00,103.16
2025-10-09 03:34:00,39.95
2025-10-09 07:20:00,98.0
2025-10-09 08:00:00,39.95
2025-10-09 08:08:00,98.0
2025-10-09 09:58:00,98.0
2025-10-09 10:54:00,39.95
2025-10-09 15:36:00,39.95
2025-10-09 15:42:00,98.0
2025-10-09 17:14:00,39.95
2025-10-09 17:48:00,39.95
2025-10-09 19:04:00,38.0
2025-10-09 21:38:00,98.0
2025-10-09 21:52:00,38.0
2025-10-10 00:14:00,98.0
2025-10-10 01:16:00,34.78
2025-10-10 01:46:00,98.0
2025-10-10 01:50:00,98.0
2025-10-10 01:52:00,38.0
2025-10-10 01:54:00,98.0
2025-10-10 02:36:00,38.0
2025-10-10 03:00:00,39.95
2025-10-10 04:44:00,98.0
2025-10-10 05:18:00,39.95
2025-10-10 05:24:00,98.0
2025-10-10 08:06:00,39.95
2025-10-10 09:44:00,98.0
2025-10-10 15:22:00,98.0
2025-10-10 17:58:00,39.95
2025-10-10 18:40:00,39.95
2025-10-10 19:08:00,98.0
2025-10-10 21:36:00,98.0
2025-10-11 01:18:00,98.0
2025-10-11 02:04:00,39.95
2025-10-11 03:48:00,98.0
2025-10-11 05:44:00,39.95
2025-10-11 07:04:00,98.0
2025-10-11 14:46:00,34.47
2025-10-11 15:04:00,39.95
2025-10-11 15:08:00,98.0
2025-10-11 15:46:00,98.0
2025-10-11 16:18:00,21.22
2025-10-11 17:14:00,39.95
2025-10-11 17:58:00,39.95
2025-10-11 20:28:00,98.0
2025-10-11 23:20:00,39.95
2025-10-12 03:04:00,39.95
2025-10-12 03:28:00,98.0
2025-10-12 03:46:00,28.06
2025-10-12 07:40:00,34.95
2025-10-12 08:16:00,249.95
2025-10-12 11:28:00,98.0
2025-10-12 12:08:00,98.0
2025-10-12 13:00:00,39.95
2025-10-12 14:32:00,98.0
2025-10-12 15:06:00,44.99
2025-10-12 15:44:00,98.0
2025-10-12 18:44:00,20.18
2025-10-12 20:06:00,39.95
2025-10-12 21:26:00,98.0
2025-10-13 00:48:00,149.95
2025-10-13 01:32:00,98.0
2025-10-13 07:08:00,98.0
2025-10-13 09:24:00,108.975
2025-10-13 12:18:00,149.0
2025-10-13 14:04:00,117.0
2025-10-13 14:56:00,39.95
2025-10-13 16:20:00,21.31
2025-10-13 21:04:00,28.04
2025-10-14 00:16:00,149.95
2025-10-14 04:26:00,39.95
2025-10-14 12:10:00,39.95
2025-10-14 22:06:00,21.25
2025-10-15 01:32:00,39.95
2025-10-15 03:14:00,39.95
2025-10-15 06:14:00,21.23
2025-10-15 08:18:00,39.95
2025-10-15 13:36:00,39.95
2025-10-15 21:52:00,39.95
2025-10-16 00:44:00,29.95
2025-10-16 00:46:00,29.95
2025-10-16 03:44:00,39.95
2025-10-16 04:46:00,21.2
2025-10-16 08:08:00,39.95
2025-10-16 14:08:00,39.95
2025-10-16 23:48:00,39.95
2025-10-17 05:06:00,39.95
2025-10-17 09:44:00,39.95
2025-10-17 12:24:00,20.3
2025-10-17 16:38:00,39.99
2025-10-17 16:40:00,114.98
2025-10-17 16:48:00,39.95
2025-10-17 18:08:00,39.95
2025-10-17 19:52:00,117.0
2025-10-17 22:52:00,114.98
2025-10-18 07:06:00,178.0
2025-10-18 09:14:00,149.0
2025-10-18 09:42:00,39.95
2025-10-18 13:06:00,20.57
2025-10-18 14:22:00,178.0
2025-10-18 14:48:00,28.36
2025-10-18 17:52:00,39.95
2025-10-18 19:14:00,149.0
2025-10-18 19:24:00,39.95
2025-10-19 01:36:00,39.95
2025-10-19 04:10:00,178.0
2025-10-19 04:18:00,39.99
2025-10-19 06:26:00,114.9
2025-10-19 09:00:00,39.99
2025-10-19 09:52:00,149.0
2025-10-19 16:18:00,39.95
2025-10-19 18:26:00,114.8
2025-10-19 21:20:00,117.0
2025-10-20 04:00:00,114.8
2025-10-20 23:26:00,178.0
2025-10-21 00:38:00,149.0
2025-10-21 03:18:00,19.99
2025-10-22 17:30:00,39.95
2025-10-22 22:16:00,39.95
2025-10-23 01:20:00,178.0
2025-10-23 02:00:00,39.99
2025-10-23 03:02:00,149.0
2025-10-23 04:14:00,178.0
2025-10-23 05:26:00,149.0
2025-10-23 06:38:00,178.0
2025-10-23 09:20:00,39.95
2025-10-23 11:32:00,149.0
2025-10-23 14:28:00,39.95
2025-10-23 16:00:00,28.2
2025-10-23 18:40:00,39.95
2025-10-23 21:00:00,39.95
2025-10-23 22:08:00,39.95
2025-10-24 01:36:00,39.95
2025-10-24 03:36:00,39.99
2025-10-24 04:56:00,39.95
2025-10-24 08:54:00,39.95
2025-10-24 17:36:00,39.95
2025-10-24 19:24:00,39.99
2025-10-25 02:34:00,39.95
2025-10-25 05:28:00,34.0
2025-10-25 06:00:00,28.2
2025-10-25 06:20:00,20.53
2025-10-25 06:38:00,39.95
2025-10-25 07:52:00,116.9
2025-10-25 09:48:00,102.0
2025-10-25 12:06:00,39.95
2025-10-25 13:28:00,114.8
2025-10-26 01:32:00,39.95
2025-10-26 03:24:00,116.0
2025-10-26 03:52:00,119.0
2025-10-26 07:24:00,169.99
2025-10-26 07:40:00,129.95
2025-10-26 07:54:00,129.95
2025-10-26 10:24:00,39.95
2025-10-26 16:08:00,39.99
2025-10-26 17:24:00,39.95
2025-10-27 02:22:00,21.96
2025-10-27 07:18:00,68.0
2025-10-27 08:12:00,34.95
2025-10-27 08:14:00,39.95
2025-10-27 08:50:00,39.95
2025-10-27 10:28:00,39.95
2025-10-27 12:32:00,99.99
2025-10-27 12:36:00,39.95
2025-10-27 14:00:00,149.95
2025-10-27 17:42:00,39.95
2025-10-27 19:00:00,39.95
2025-10-27 20:20:00,39.95
2025-10-27 20:36:00,54.95
2025-10-27 20:46:00,49.95
2025-10-27 22:54:00,89.95
2025-10-27 23:28:00,28.22
2025-10-27 23:30:00,49.95
2025-10-28 01:26:00,39.95
2025-10-28 03:56:00,34.95
2025-10-28 06:32:00,169.99
2025-10-28 07:00:00,39.95
2025-10-28 07:12:00,179.99
2025-10-28 08:58:00,64.95
2025-10-28 09:40:00,19.02
2025-10-28 10:12:00,199.95
2025-10-29 02:02:00,28.21
2025-10-29 03:06:00,19.99
2025-10-29 04:00:00,49.95
2025-10-29 07:04:00,49.95
2025-10-29 19:18:00,49.95
2025-10-29 21:34:00,49.95
2025-10-29 23:48:00,49.95
2025-10-30 07:00:00,49.95
2025-10-30 07:28:00,29.95
2025-10-30 08:10:00,29.95
2025-10-30 14:52:00,39.99
2025-10-30 23:06:00,29.95
2025-10-31 06:56:00,29.95
2025-10-31 09:20:00,19.54
2025-11-01 05:56:00,29.95
2025-11-01 09:08:00,18.92
2025-11-01 09:30:00,29.95
2025-11-01 13:16:00,29.95
2025-11-01 19:48:00,29.95
2025-11-02 04:12:00,29.95
2025-11-02 09:50:00,20.35
2025-11-03 03:16:00,29.95
2025-11-03 06:52:00,29.95
2025-11-03 09:08:00,99.0
2025-11-03 10:22:00,29.95
2025-11-03 10:52:00,20.05
2025-11-03 10:56:00,99.0
2025-11-03 12:20:00,39.99
2025-11-03 12:52:00,29.95
2025-11-03 15:36:00,29.95
2025-11-03 18:56:00,29.95
2025-11-03 19:28:00,98.0
2025-11-03 20:06:00,98.0
2025-11-03 20:24:00,29.95
2025-11-03 21:40:00,98.0
2025-11-03 22:44:00,29.95
2025-11-04 06:52:00,98.0
2025-11-04 07:24:00,19.52
2025-11-04 08:32:00,98.0
2025-11-04 09:56:00,29.95
2025-11-04 13:50:00,98.0
2025-11-04 14:56:00,29.95
2025-11-05 02:28:00,98.0
2025-11-05 03:00:00,29.95
2025-11-05 04:06:00,98.0
2025-11-05 10:00:00,29.95
2025-11-05 11:52:00,98.0
2025-11-05 12:42:00,22.35
2025-11-05 15:18:00,29.95
2025-11-05 16:22:00,98.0
2025-11-05 19:54:00,98.0
2025-11-05 20:56:00,98.0
2025-11-05 23:12:00,98.0
2025-11-06 04:56:00,98.0
2025-11-06 06:54:00,98.0
2025-11-06 08:18:00,98.0
2025-11-06 10:32:00,98.0
2025-11-06 11:40:00,22.36
2025-11-06 21:20:00,98.0
2025-11-07 01:28:00,98.0
2025-11-07 09:12:00,22.51
2025-11-07 11:40:00,39.99
2025-11-07 14:10:00,98.0
2025-11-07 15:16:00,98.0
2025-11-07 18:00:00,29.95
2025-11-07 21:28:00,98.0
2025-11-07 23:34:00,98.0
2025-11-08 00:28:00,29.95
2025-11-08 01:20:00,98.0
2025-11-08 01:22:00,54.95
2025-11-08 06:20:00,29.95
2025-11-08 07:28:00,29.95
2025-11-08 12:00:00,98.0
2025-11-08 12:06:00,22.56
2025-11-08 21:24:00,29.95
2025-11-09 00:18:00,98.0
2025-11-09 01:56:00,98.0
2025-11-09 02:08:00,98.0
2025-11-09 06:20:00,21.46
2025-11-09 07:38:00,98.0
2025-11-09 08:28:00,24.95
2025-11-09 08:40:00,98.0
2025-11-09 09:06:00,44.99
2025-11-09 09:34:00,199.99
2025-11-09 09:36:00,249.95
2025-11-09 10:42:00,98.0
2025-11-09 11:04:00,24.95
2025-11-09 12:28:00,24.95
2025-11-09 12:56:00,89.99
2025-11-09 13:12:00,98.0
2025-11-09 17:36:00,89.99
2025-11-09 18:22:00,98.0
2025-11-09 20:10:00,89.0
2025-11-09 23:58:00,98.0
2025-11-10 00:24:00,24.95
2025-11-10 01:10:00,44.95
2025-11-10 01:20:00,98.0
2025-11-10 02:36:00,98.0
2025-11-10 05:34:00,24.95
2025-11-10 05:40:00,98.0
2025-11-10 05:52:00,98.0
2025-11-10 07:36:00,98.0
2025-11-10 10:04:00,84.99
2025-11-10 10:08:00,98.0
2025-11-10 10:36:00,61.475
2025-11-10 11:10:00,84.99
2025-11-10 11:56:00,98.0
2025-11-10 16:30:00,149.95
2025-11-10 17:32:00,98.0
2025-11-10 18:10:00,27.33
2025-11-10 20:18:00,21.84
2025-11-10 21:10:00,98.0
2025-11-10 21:48:00,149.95
2025-11-10 21:56:00,98.0
2025-11-11 01:08:00,98.0
2025-11-11 05:04:00,98.0
2025-11-11 07:50:00,98.0
2025-11-11 09:08:00,21.99
2025-11-11 19:32:00,98.0
2025-11-11 21:08:00,24.95
2025-11-11 21:56:00,98.0
2025-11-12 00:34:00,98.0
2025-11-12 11:02:00,27.32
2025-11-12 17:56:00,24.24
2025-11-12 21:20:00,39.99
2025-11-13 00:48:00,27.58
2025-11-13 01:12:00,24.95
2025-11-13 07:30:00,39.99
2025-11-13 07:56:00,24.95
2025-11-13 13:40:00,24.95
2025-11-13 19:24:00,24.95
2025-11-13 23:22:00,24.95
2025-11-14 08:10:00,23.44
2025-11-14 08:16:00,24.95
2025-11-14 13:52:00,24.95
2025-11-14 20:24:00,24.95
2025-11-14 23:36:00,39.99
2025-11-14 23:44:00,24.95
2025-11-15 05:20:00,27.85
2025-11-15 07:32:00,23.21
2025-11-15 10:06:00,24.95
2025-11-15 13:04:00,39.63
2025-11-15 19:00:00,24.95
2025-11-16 01:16:00,27.78
2025-11-16 04:04:00,84.98
2025-11-16 05:52:00,24.95
2025-11-16 06:50:00,23.28
2025-11-16 07:48:00,29.95
2025-11-16 08:04:00,79.95
2025-11-16 09:02:00,39.95
2025-11-16 11:00:00,84.99
2025-11-16 11:24:00,169.99
2025-11-16 11:42:00,129.99
2025-11-16 11:48:00,39.95
2025-11-16 12:12:00,129.99
2025-11-16 12:54:00,39.95
2025-11-16 13:36:00,84.98
2025-11-16 18:40:00,84.98
2025-11-16 19:08:00,84.98
2025-11-16 21:12:00,27.8
2025-11-16 23:44:00,39.95
2025-11-17 03:00:00,39.95
2025-11-17 03:40:00,24.95
2025-11-17 05:04:00,39.95
2025-11-17 07:08:00,24.95
2025-11-17 08:28:00,38.0
2025-11-17 08:52:00,39.95
2025-11-17 10:32:00,39.95
2025-11-17 12:00:00,39.95
2025-11-17 15:00:00,23.23
2025-11-17 17:24:00,249.95
2025-11-17 20:04:00,39.95
2025-11-17 22:18:00,117.0
2025-11-17 22:30:00,149.95
2025-11-17 23:44:00,24.95
2025-11-18 01:06:00,39.95
2025-11-18 01:16:00,23.22
2025-11-18 02:22:00,39.95
2025-11-18 03:38:00,39.95
2025-11-18 04:32:00,39.95
2025-11-18 05:26:00,24.95
2025-11-18 08:36:00,39.95
2025-11-18 09:40:00,39.99
2025-11-18 10:12:00,23.44
2025-11-18 10:20:00,24.95
2025-11-18 10:34:00,39.95
2025-11-18 12:28:00,39.95
2025-11-18 13:56:00,39.95
2025-11-18 17:06:00,39.95
2025-11-18 19:34:00,39.95
2025-11-18 23:56:00,39.95
2025-11-19 02:40:00,39.95
2025-11-19 08:38:00,23.07
2025-11-19 12:32:00,64.89
2025-11-19 14:00:00,39.95
2025-11-19 18:24:00,39.95
2025-11-19 19:20:00,149.95
2025-11-19 19:24:00,22.96
2025-11-20 03:16:00,39.95
2025-11-20 03:48:00,24.95
2025-11-20 07:12:00,21.96
2025-11-20 07:44:00,169.99
2025-11-20 08:32:00,129.95
2025-11-20 08:40:00,169.95
2025-11-20 09:00:00,129.95
2025-11-20 09:32:00,39.95
2025-11-20 09:56:00,24.99
2025-11-20 11:00:00,39.95
2025-11-20 13:16:00,219.99
2025-11-20 14:00:00,24.95
2025-11-20 16:10:00,39.95
2025-11-20 16:24:00,84.99
2025-11-20 18:08:00,37.99
2025-11-20 20:04:00,79.99
2025-11-20 20:48:00,39.95
2025-11-21 00:40:00,39.95
2025-11-21 01:16:00,24.95
2025-11-21 07:14:00,39.95
2025-11-21 07:20:00,24.95
2025-11-21 08:44:00,23.04
2025-11-21 13:04:00,26.96
2025-11-21 17:04:00,27.46
2025-11-21 18:52:00,79.99
2025-11-21 19:22:00,39.95
2025-11-21 20:20:00,24.99
2025-11-21 21:24:00,219.99
2025-11-21 23:00:00,24.95
2025-11-21 23:10:00,39.95
2025-11-22 00:56:00,37.99
2025-11-22 03:20:00,39.95
2025-11-22 08:24:00,39.95
2025-11-22 12:04:00,22.55
2025-11-22 12:20:00,39.95
2025-11-22 12:52:00,39.95
2025-11-22 15:00:00,24.95
2025-11-22 18:58:00,39.95
2025-11-22 19:24:00,24.95
2025-11-22 20:32:00,39.63
2025-11-22 20:58:00,39.95
2025-11-22 22:22:00,24.95
2025-11-22 23:20:00,39.95
2025-11-22 23:26:00,27.51
2025-11-23 03:16:00,39.95
2025-11-23 06:54:00,39.95
2025-11-23 09:20:00,22.52
2025-11-23 10:20:00,27.47
2025-11-23 14:04:00,26.16
2025-11-23 16:24:00,39.95
2025-11-23 21:00:00,39.95
2025-11-24 06:36:00,39.95
2025-11-24 06:48:00,21.96
2025-11-24 10:40:00,39.95
2025-11-24 11:28:00,24.95
2025-11-24 11:58:00,27.45
2025-11-24 15:16:00,24.95
2025-11-24 17:48:00,39.95
2025-11-24 17:56:00,24.99
2025-11-24 19:08:00,22.38
2025-11-24 20:24:00,24.95
2025-11-24 23:14:00,39.95
2025-11-25 01:38:00,69.0
2025-11-25 06:38:00,21.96
2025-11-25 17:22:00,24.99
2025-11-25 17:28:00,39.95
2025-11-25 19:20:00,24.95
2025-11-25 19:22:00,24.95
2025-11-25 20:44:00,39.95
2025-11-25 22:10:00,39.95
2025-11-26 00:40:00,39.95
2025-11-26 02:50:00,39.95
2025-11-26 02:56:00,39.95
2025-11-26 03:56:00,39.95
2025-11-26 05:32:00,39.95
2025-11-26 08:56:00,20.02
2025-11-26 09:38:00,39.95
2025-11-26 13:08:00,24.95
2025-11-26 14:16:00,39.95
2025-11-26 18:40:00,24.95
2025-11-26 18:48:00,88.0
2025-11-26 18:58:00,39.95
2025-11-26 19:34:00,24.95
2025-11-26 20:18:00,88.0
2025-11-26 20:20:00,39.95
2025-11-26 22:40:00,88.0
2025-11-27 01:06:00,88.0
2025-11-27 01:28:00,32.47
2025-11-27 02:12:00,39.95
2025-11-27 02:46:00,88.0
2025-11-27 04:02:00,88.0
2025-11-27 06:12:00,88.0
2025-11-27 06:36:00,24.95
2025-11-27 07:22:00,88.0
2025-11-27 08:28:00,88.0
2025-11-27 08:36:00,39.95
2025-11-27 09:40:00,88.0
2025-11-27 11:00:00,88.0
2025-11-27 12:18:00,24.95
2025-11-27 12:36:00,39.95
2025-11-27 12:56:00,88.0
2025-11-27 13:06:00,24.95
2025-11-27 14:54:00,88.0
2025-11-27 16:48:00,88.0
2025-11-27 17:30:00,39.95
2025-11-27 18:00:00,88.0
2025-11-27 19:26:00,88.0
2025-11-27 20:06:00,27.32
2025-11-27 20:34:00,88.0
2025-11-27 20:44:00,20.03
2025-11-27 21:02:00,39.95
2025-11-27 21:34:00,88.0
2025-11-27 22:20:00,88.0
2025-11-28 01:06:00,88.0
2025-11-28 01:22:00,39.95
2025-11-28 02:36:00,39.95
2025-11-28 02:56:00,88.0
2025-11-28 03:54:00,88.0
2025-11-28 04:58:00,39.95
2025-11-28 05:02:00,88.0
2025-11-28 06:28:00,88.0
2025-11-28 07:46:00,88.0
2025-11-28 08:38:00,39.95
2025-11-28 08:54:00,39.63
2025-11-28 09:04:00,88.0
2025-11-28 09:52:00,24.95
2025-11-28 11:28:00,88.0
2025-11-28 13:20:00,39.95
2025-11-28 20:40:00,88.0
2025-11-28 21:20:00,39.95
2025-11-28 21:36:00,88.0
2025-11-28 22:56:00,88.0
2025-11-28 22:58:00,39.95
2025-11-29 00:06:00,88.0
2025-11-29 00:10:00,88.0
2025-11-29 01:36:00,88.0
2025-11-29 03:00:00,88.0
2025-11-29 03:28:00,39.95
2025-11-29 04:40:00,88.0
2025-11-29 06:06:00,88.0
2025-11-29 08:42:00,88.0
2025-11-29 08:56:00,26.16
2025-11-29 09:08:00,88.0
2025-11-29 11:12:00,39.95
2025-11-29 12:12:00,88.0
2025-11-29 13:40:00,88.0
2025-11-29 14:08:00,24.95
2025-11-29 14:42:00,88.0
2025-11-29 15:46:00,39.95
2025-11-29 16:12:00,24.95
2025-11-29 16:20:00,88.0
2025-11-29 19:38:00,39.95
2025-11-29 20:56:00,24.95
2025-11-29 22:40:00,39.95
2025-11-30 00:04:00,39.95
2025-11-30 00:06:00,88.0
2025-11-30 02:16:00,39.95
2025-11-30 03:44:00,39.95
2025-11-30 05:48:00,39.95
2025-11-30 06:12:00,24.95
2025-11-30 07:54:00,69.0
2025-11-30 09:06:00,39.95
2025-11-30 11:12:00,36.06
2025-11-30 12:06:00,39.95
2025-11-30 15:32:00,56.495
2025-11-30 16:04:00,26.65
2025-11-30 16:08:00,39.95
2025-11-30 18:32:00,88.0
2025-11-30 18:48:00,88.0
2025-11-30 21:14:00,69.0
2025-11-30 21:20:00,88.0
2025-11-30 22:22:00,88.0
2025-11-30 23:46:00,69.0
2025-12-01 00:04:00,24.95
2025-12-01 00:36:00,24.95
2025-12-01 01:10:00,69.0
2025-12-01 01:48:00,39.95
2025-12-01 02:52:00,88.0
2025-12-01 03:12:00,69.0
2025-12-01 03:48:00,88.0
2025-12-01 04:40:00,69.0
2025-12-01 06:06:00,39.95
2025-12-01 06:36:00,26.16
2025-12-01 07:44:00,69.0
2025-12-01 08:38:00,88.0
2025-12-01 10:08:00,39.95
2025-12-01 11:14:00,88.0
2025-12-01 11:46:00,79.99
2025-12-01 11:50:00,88.0
2025-12-01 12:14:00,24.95
2025-12-01 13:06:00,39.95
2025-12-01 14:32:00,88.0
2025-12-01 15:50:00,79.99
2025-12-01 15:54:00,39.95
2025-12-01 16:48:00,24.95
2025-12-01 17:00:00,79.99
2025-12-01 17:28:00,39.95
2025-12-01 17:34:00,88.0
2025-12-01 18:50:00,39.95
2025-12-01 19:10:00,79.99
2025-12-01 19:16:00,39.95
2025-12-01 20:20:00,88.0
2025-12-01 20:38:00,39.95
2025-12-01 20:46:00,79.99
2025-12-01 21:12:00,88.0
2025-12-01 21:20:00,79.99
2025-12-01 22:52:00,79.99
2025-12-01 23:38:00,39.95
2025-12-01 23:42:00,24.95
2025-12-01 23:50:00,88.0
2025-12-02 00:16:00,52.47
2025-12-02 01:20:00,20.36
2025-12-02 01:50:00,24.95
2025-12-02 02:42:00,88.0
2025-12-02 03:12:00,79.99
2025-12-02 03:38:00,88.0
2025-12-02 04:24:00,88.0
2025-12-02 04:30:00,79.99
2025-12-02 05:48:00,88.0
2025-12-02 06:58:00,88.0
2025-12-02 07:12:00,88.0
2025-12-02 08:52:00,149.95
2025-12-02 09:04:00,79.99
2025-12-02 09:36:00,21.99
2025-12-02 09:50:00,249.0
2025-12-02 10:46:00,79.99
2025-12-02 11:38:00,21.96
2025-12-02 12:12:00,79.99
2025-12-02 12:44:00,79.99
2025-12-02 15:12:00,24.95
2025-12-02 15:48:00,79.99
2025-12-02 16:46:00,79.99
2025-12-02 18:14:00,79.99
2025-12-02 18:50:00,24.95
2025-12-02 20:22:00,24.95
2025-12-02 22:10:00,24.95
2025-12-02 22:16:00,79.99
2025-12-03 00:30:00,79.99
2025-12-03 02:40:00,79.99
2025-12-03 05:28:00,169.95
2025-12-03 06:26:00,24.95
2025-12-03 06:32:00,129.95
2025-12-03 06:48:00,79.99
2025-12-03 08:34:00,124.7
2025-12-03 10:14:00,18.97
2025-12-03 12:04:00,24.95
2025-12-03 12:28:00,117.0
2025-12-03 12:48:00,98.0
2025-12-03 16:48:00,27.11
2025-12-03 18:22:00,117.0
2025-12-03 19:52:00,24.95
2025-12-03 20:28:00,24.95
2025-12-03 21:14:00,115.0
2025-12-03 21:56:00,98.0
2025-12-03 23:08:00,24.95
2025-12-04 01:28:00,98.0
2025-12-04 02:40:00,98.0
2025-12-04 03:02:00,115.0
2025-12-04 04:16:00,24.95
2025-12-04 05:32:00,98.0
2025-12-04 09:14:00,129.95
2025-12-04 09:24:00,98.0
2025-12-04 11:08:00,179.95
2025-12-04 12:28:00,113.95
2025-12-04 13:00:00,149.95
2025-12-04 13:04:00,24.95
2025-12-04 14:10:00,98.0
2025-12-04 15:00:00,21.97
2025-12-04 15:56:00,98.0
2025-12-04 16:48:00,98.0
2025-12-04 19:12:00,113.95
2025-12-04 20:24:00,69.45
2025-12-04 21:12:00,113.49
2025-12-04 22:28:00,98.0
2025-12-05 02:16:00,98.0
2025-12-05 03:12:00,113.49
2025-12-05 04:24:00,24.95
2025-12-05 05:18:00,24.95
2025-12-05 05:36:00,98.0
2025-12-05 10:14:00,111.75
2025-12-05 11:28:00,98.0
2025-12-05 12:04:00,24.95
2025-12-05 13:20:00,24.95
2025-12-05 14:12:00,98.0
2025-12-05 14:52:00,24.95
2025-12-05 17:20:00,98.0
2025-12-05 18:32:00,98.0
2025-12-05 18:48:00,111.7
2025-12-05 20:28:00,24.95
2025-12-05 21:32:00,98.0
2025-12-05 23:20:00,24.95
2025-12-06 01:04:00,111.7
2025-12-06 03:30:00,98.0
2025-12-06 04:00:00,111.7
2025-12-06 04:32:00,98.0
2025-12-06 04:48:00,111.35
2025-12-06 05:38:00,98.0
2025-12-06 06:04:00,23.46
2025-12-06 06:52:00,98.0
2025-12-06 08:04:00,21.96
2025-12-06 08:10:00,98.0
2025-12-06 08:44:00,24.95
2025-12-06 11:52:00,111.3
2025-12-06 13:16:00,98.0
2025-12-06 13:42:00,24.95
2025-12-06 14:40:00,29.95
2025-12-06 15:36:00,98.0
2025-12-06 16:04:00,24.95
2025-12-06 16:34:00,98.0
2025-12-06 17:40:00,111.2
2025-12-06 18:48:00,98.0
2025-12-06 19:18:00,98.0
2025-12-06 19:20:00,24.95
2025-12-06 19:36:00,98.0
2025-12-06 20:52:00,111.2
2025-12-06 20:56:00,98.0
2025-12-06 22:36:00,98.0
2025-12-06 22:40:00,111.2
2025-12-06 23:52:00,111.2
2025-12-07 00:04:00,24.95
2025-12-07 01:12:00,98.0
2025-12-07 02:20:00,111.2
2025-12-07 02:24:00,98.0
2025-12-07 03:36:00,98.0
2025-12-07 05:28:00,98.0
2025-12-07 06:04:00,111.2
2025-12-07 07:04:00,98.0
2025-12-07 08:24:00,229.99
2025-12-07 08:44:00,98.0
2025-12-07 09:56:00,24.95
2025-12-07 11:12:00,24.95
2025-12-07 14:28:00,98.0
2025-12-07 16:12:00,98.0
2025-12-07 16:14:00,84.99
2025-12-07 17:36:00,98.0
2025-12-07 20:56:00,98.0
2025-12-07 22:04:00,19.99
2025-12-07 22:56:00,24.95
2025-12-07 23:08:00,98.0
2025-12-08 00:20:00,98.0
2025-12-08 03:48:00,19.99
2025-12-08 05:06:00,98.0
2025-12-08 05:20:00,98.0
2025-12-08 05:28:00,98.0
2025-12-08 05:48:00,24.95
2025-12-08 05:52:00,98.0
2025-12-08 08:04:00,24.95
2025-12-08 08:20:00,219.99
2025-12-08 11:28:00,19.99
2025-12-08 12:48:00,79.99
2025-12-08 13:40:00,98.0
2025-12-08 15:20:00,98.0
2025-12-08 16:08:00,79.99
2025-12-08 16:44:00,39.95
2025-12-08 17:06:00,24.95
2025-12-08 18:04:00,39.95
2025-12-08 18:14:00,79.99
2025-12-08 19:48:00,98.0
2025-12-08 21:16:00,24.95
2025-12-08 21:28:00,79.99
2025-12-08 23:36:00,39.95
2025-12-09 00:44:00,39.95
2025-12-09 01:12:00,79.99
2025-12-09 03:12:00,79.99
2025-12-09 03:20:00,98.0
2025-12-09 03:44:00,24.95
2025-12-09 05:24:00,39.95
2025-12-09 05:58:00,19.99
2025-12-09 06:12:00,79.99
2025-12-09 06:42:00,24.95
2025-12-09 08:12:00,79.99
2025-12-09 08:42:00,39.95
2025-12-09 09:50:00,79.99
2025-12-09 10:44:00,98.0
2025-12-09 11:48:00,79.99
2025-12-09 12:56:00,27.95
2025-12-09 14:04:00,79.99
2025-12-09 14:50:00,98.0
2025-12-09 16:08:00,39.95
2025-12-09 16:40:00,98.0
2025-12-09 17:08:00,21.97
2025-12-09 17:16:00,22.28
2025-12-09 18:48:00,39.95
2025-12-09 19:34:00,98.0
2025-12-09 19:56:00,79.99
2025-12-09 21:20:00,79.99
2025-12-09 21:24:00,24.95
2025-12-09 21:48:00,98.0
2025-12-09 21:52:00,39.95
2025-12-09 22:20:00,52.47
2025-12-09 23:20:00,98.0
2025-12-09 23:42:00,39.95
2025-12-10 01:32:00,39.95
2025-12-10 02:20:00,79.99
2025-12-10 02:52:00,98.0
2025-12-10 03:44:00,39.95
2025-12-10 03:48:00,84.99
2025-12-10 04:04:00,27.11
2025-12-10 04:52:00,27.95
2025-12-10 05:12:00,84.99
2025-12-10 06:08:00,39.95
2025-12-10 06:48:00,24.95
2025-12-10 07:16:00,98.0
2025-12-10 07:44:00,39.95
2025-12-10 08:52:00,98.0
2025-12-10 09:40:00,21.96
2025-12-10 11:36:00,98.0
2025-12-10 12:08:00,39.95
2025-12-10 13:12:00,84.99
2025-12-10 15:12:00,84.99
2025-12-10 15:24:00,61.475
2025-12-10 15:46:00,18.99
2025-12-10 16:04:00,24.95
2025-12-10 16:20:00,98.0
2025-12-10 18:10:00,39.95
2025-12-10 19:04:00,98.0
2025-12-10 19:12:00,84.99
2025-12-10 19:46:00,98.0
2025-12-10 19:56:00,39.95
2025-12-10 20:36:00,24.95
2025-12-10 20:44:00,98.0
2025-12-10 22:06:00,98.0
2025-12-10 23:12:00,39.95
2025-12-10 23:26:00,84.99
2025-12-11 00:00:00,24.95
2025-12-11 00:12:00,98.0
2025-12-11 01:26:00,39.95
2025-12-11 03:04:00,24.95
2025-12-11 03:34:00,98.0
2025-12-11 03:56:00,84.99
2025-12-11 04:06:00,39.95
2025-12-11 05:04:00,24.95
2025-12-11 05:16:00,84.99
2025-12-11 07:48:00,84.99
2025-12-11 07:56:00,98.0
2025-12-11 08:02:00,39.95
2025-12-11 08:36:00,98.0
2025-12-11 08:56:00,18.02
2025-12-11 10:36:00,39.95
2025-12-11 13:00:00,84.99
2025-12-11 13:40:00,98.0
2025-12-11 14:52:00,91.495
2025-12-11 15:16:00,199.0
2025-12-11 15:40:00,24.95
2025-12-11 16:12:00,98.0
2025-12-11 17:12:00,84.99
2025-12-11 17:38:00,24.95
2025-12-11 18:04:00,24.95
2025-12-11 18:28:00,98.0
2025-12-11 18:52:00,84.99
2025-12-11 19:40:00,91.495
2025-12-11 20:12:00,39.95
2025-12-11 20:58:00,84.99
2025-12-11 22:04:00,24.95
2025-12-11 22:26:00,98.0
2025-12-11 22:40:00,84.99
2025-12-11 23:02:00,39.95
2025-12-11 23:06:00,98.0
2025-12-12 00:14:00,84.99
2025-12-12 00:20:00,24.95
2025-12-12 01:36:00,84.99
2025-12-12 01:42:00,39.95
2025-12-12 02:48:00,84.99
2025-12-12 03:10:00,39.95
2025-12-12 03:56:00,84.99
2025-12-12 05:14:00,84.99
2025-12-12 05:28:00,24.95
2025-12-12 07:34:00,39.95
2025-12-12 08:34:00,98.0
2025-12-12 09:46:00,74.0
2025-12-12 11:12:00,39.95
2025-12-12 13:16:00,24.95
2025-12-12 13:56:00,98.0
2025-12-12 15:08:00,98.0
2025-12-12 17:46:00,24.95
2025-12-12 17:52:00,98.0
2025-12-12 19:00:00,74.0
2025-12-12 19:52:00,39.95
2025-12-12 20:08:00,98.0
2025-12-12 20:28:00,98.0
2025-12-12 21:12:00,74.0
2025-12-12 21:24:00,98.0
2025-12-12 22:00:00,74.0
2025-12-12 22:36:00,98.0
2025-12-12 23:00:00,39.95
2025-12-12 23:48:00,24.95
2025-12-13 01:06:00,39.95
2025-12-13 02:54:00,98.0
2025-12-13 03:04:00,98.0
2025-12-13 03:44:00,39.95
2025-12-13 04:14:00,74.0
2025-12-13 05:52:00,24.95
2025-12-13 06:08:00,98.0
2025-12-13 07:00:00,39.95
2025-12-13 08:10:00,24.95
2025-12-13 10:10:00,24.95
2025-12-13 12:06:00,39.95
2025-12-13 13:34:00,98.0
2025-12-13 14:36:00,98.0
2025-12-13 14:44:00,74.0
2025-12-13 15:12:00,98.0
2025-12-13 15:34:00,39.95
2025-12-13 17:28:00,39.95
2025-12-13 18:44:00,39.95
2025-12-13 20:16:00,74.0
2025-12-13 20:40:00,98.0
2025-12-13 20:44:00,23.05
2025-12-13 21:46:00,22.44
2025-12-13 22:04:00,24.95
2025-12-13 22:16:00,98.0
2025-12-13 22:42:00,39.95
2025-12-14 00:48:00,22.47
2025-12-14 01:14:00,74.0
2025-12-14 01:28:00,98.0
2025-12-14 01:32:00,39.95
2025-12-14 02:16:00,98.0
2025-12-14 02:28:00,98.0
2025-12-14 02:56:00,209.99
2025-12-14 03:02:00,24.95
2025-12-14 03:28:00,98.0
2025-12-14 03:48:00,39.95
2025-12-14 04:22:00,98.0
2025-12-14 04:32:00,98.0
2025-12-14 06:10:00,98.0
2025-12-14 07:22:00,129.99
2025-12-14 07:44:00,24.95
2025-12-14 07:48:00,98.0
2025-12-14 07:52:00,129.99
2025-12-14 07:56:00,39.95
2025-12-14 08:38:00,129.95
2025-12-14 09:02:00,98.0
2025-12-14 09:04:00,129.95
2025-12-14 10:00:00,98.0
2025-12-14 10:08:00,98.0
2025-12-14 10:12:00,24.95
2025-12-14 10:52:00,98.0
2025-12-14 10:54:00,74.0
2025-12-14 10:56:00,39.95
2025-12-14 11:18:00,98.0
2025-12-14 11:48:00,98.0
2025-12-14 12:08:00,26.41
2025-12-14 12:18:00,98.0
2025-12-14 15:06:00,25.27
2025-12-14 15:18:00,98.0
2025-12-14 15:22:00,98.0
2025-12-14 15:44:00,98.0
2025-12-14 15:52:00,24.95
2025-12-14 16:26:00,98.0
2025-12-14 18:06:00,74.0
2025-12-14 18:08:00,39.95
2025-12-14 18:40:00,98.0
2025-12-14 19:42:00,39.95
2025-12-14 20:06:00,27.87
2025-12-14 20:32:00,24.95
2025-12-14 20:36:00,98.0
2025-12-14 20:46:00,39.95
2025-12-14 21:06:00,98.0
2025-12-14 21:48:00,24.95
2025-12-14 22:08:00,39.95
2025-12-14 22:32:00,98.0
2025-12-15 00:08:00,39.95
2025-12-15 01:16:00,98.0
2025-12-15 02:12:00,98.0
2025-12-15 02:24:00,98.0
2025-12-15 02:40:00,39.95
2025-12-15 03:10:00,98.0
2025-12-15 04:12:00,98.0
2025-12-15 06:04:00,24.95
2025-12-15 06:08:00,39.95
2025-12-15 06:40:00,98.0
2025-12-15 07:00:00,24.95
2025-12-15 08:06:00,98.0
2025-12-15 09:28:00,20.99
2025-12-15 10:40:00,39.95
2025-12-15 11:12:00,44.99
2025-12-15 11:18:00,24.95
2025-12-15 12:04:00,24.95
2025-12-15 12:10:00,98.0
2025-12-15 12:32:00,74.0
2025-12-15 13:08:00,37.99
2025-12-15 13:36:00,98.0
2025-12-15 14:02:00,24.95
2025-12-15 14:56:00,98.0
2025-12-15 15:04:00,20.99
2025-12-15 16:00:00,98.0
2025-12-15 16:20:00,219.99
2025-12-15 17:12:00,68.975
2025-12-15 18:04:00,24.95
2025-12-15 19:28:00,74.0
2025-12-15 21:48:00,20.99
2025-12-15 22:02:00,39.95
2025-12-15 22:32:00,98.0
2025-12-16 01:12:00,39.95
2025-12-16 01:28:00,209.99
2025-12-16 01:40:00,98.0
2025-12-16 03:04:00,24.95
2025-12-16 03:44:00,39.95
2025-12-16 06:40:00,39.95
2025-12-16 07:30:00,98.0
2025-12-16 08:36:00,39.95
2025-12-16 08:40:00,98.0
2025-12-16 10:00:00,39.95
2025-12-16 10:44:00,24.95
2025-12-16 11:00:00,98.0
2025-12-16 11:10:00,39.95
2025-12-16 13:26:00,24.95
2025-12-16 13:40:00,68.975
2025-12-16 15:12:00,24.95
2025-12-16 16:30:00,24.95
2025-12-16 16:32:00,98.0
2025-12-16 16:34:00,39.95
2025-12-16 17:48:00,39.95
2025-12-16 20:48:00,39.95
2025-12-16 21:30:00,24.95
2025-12-16 21:48:00,24.95
2025-12-16 22:34:00,39.95
2025-12-17 00:16:00,39.95
2025-12-17 02:44:00,39.95
2025-12-17 04:24:00,24.95
2025-12-17 04:36:00,24.95
2025-12-17 04:38:00,39.95
2025-12-17 07:44:00,39.95
2025-12-17 09:08:00,39.95
2025-12-17 13:44:00,39.95
2025-12-17 18:08:00,39.95
2025-12-17 20:24:00,24.95
2025-12-17 21:40:00,39.95
2025-12-18 01:44:00,24.95
2025-12-18 01:56:00,199.0
2025-12-18 05:42:00,39.95
2025-12-18 05:52:00,24.95
2025-12-18 07:54:00,39.95
2025-12-18 08:04:00,199.0
2025-12-18 09:08:00,39.95
2025-12-18 11:12:00,74.0
2025-12-18 14:28:00,39.95
2025-12-18 15:16:00,98.0
2025-12-18 16:46:00,24.95
2025-12-18 17:08:00,74.0
2025-12-18 17:24:00,98.0
2025-12-18 19:18:00,24.95
2025-12-18 19:40:00,68.975
2025-12-18 21:26:00,98.0
2025-12-18 22:00:00,24.95
2025-12-18 22:44:00,98.0
2025-12-19 00:04:00,31.475
2025-12-19 02:06:00,98.0
2025-12-19 02:44:00,74.0
2025-12-19 03:08:00,38.0
2025-12-19 03:32:00,98.0
2025-12-19 04:28:00,199.0
2025-12-19 05:48:00,98.0
2025-12-19 06:02:00,38.0
2025-12-19 09:06:00,39.95
2025-12-19 11:34:00,98.0
2025-12-19 12:44:00,39.95
2025-12-19 15:04:00,38.0
2025-12-19 15:08:00,39.95
2025-12-19 15:34:00,24.99
2025-12-19 16:40:00,39.95
2025-12-19 18:06:00,24.95
2025-12-19 18:30:00,98.0
2025-12-19 19:12:00,39.95
2025-12-19 21:24:00,68.0
2025-12-19 21:36:00,39.95
2025-12-19 21:44:00,24.95
2025-12-19 23:40:00,98.0
2025-12-19 23:52:00,39.95
2025-12-20 00:24:00,24.95
2025-12-20 02:16:00,24.95
2025-12-20 02:44:00,39.95
2025-12-20 03:04:00,31.475
2025-12-20 05:40:00,98.0
2025-12-20 05:56:00,24.95
2025-12-20 06:12:00,84.99
2025-12-20 07:20:00,24.95
2025-12-20 07:46:00,84.99
2025-12-20 07:48:00,98.0
2025-12-20 08:24:00,39.95
2025-12-20 13:26:00,39.95
2025-12-20 14:34:00,24.95
2025-12-20 16:08:00,38.0
2025-12-20 17:50:00,84.99
2025-12-20 18:20:00,24.95
2025-12-20 18:48:00,39.95
2025-12-20 20:54:00,74.0
2025-12-20 21:04:00,24.95
2025-12-20 21:56:00,98.0
2025-12-20 23:52:00,39.95
2025-12-21 00:04:00,24.95
2025-12-21 01:24:00,38.0
2025-12-21 02:10:00,98.0
2025-12-21 02:36:00,39.95
2025-12-21 02:52:00,84.99
2025-12-21 03:12:00,84.99
2025-12-21 03:28:00,24.95
2025-12-21 04:32:00,98.0
2025-12-21 06:10:00,84.99
2025-12-21 06:42:00,24.95
2025-12-21 07:08:00,38.0
2025-12-21 09:22:00,39.95
2025-12-21 11:30:00,98.0
2025-12-21 12:04:00,24.95
2025-12-21 14:40:00,84.99
2025-12-21 15:20:00,98.0
2025-12-21 18:44:00,98.0
2025-12-21 19:24:00,84.99
2025-12-21 20:16:00,38.0
2025-12-21 21:50:00,91.495
2025-12-21 22:32:00,39.95
2025-12-22 00:04:00,38.0
2025-12-22 01:08:00,84.99
2025-12-22 01:32:00,39.95
2025-12-22 02:20:00,61.475
2025-12-22 04:44:00,39.95
2025-12-22 06:44:00,24.95
2025-12-22 06:58:00,24.95
2025-12-22 07:20:00,84.99
2025-12-22 08:04:00,98.0
2025-12-22 08:52:00,98.0
2025-12-22 09:06:00,39.95
2025-12-22 09:32:00,98.0
2025-12-22 09:50:00,84.99
2025-12-22 10:36:00,98.0
2025-12-22 11:02:00,98.0
2025-12-22 11:12:00,84.99
2025-12-22 12:04:00,24.95
2025-12-22 12:28:00,39.95
2025-12-22 12:32:00,84.99
2025-12-22 15:20:00,31.475
2025-12-22 16:10:00,98.0
2025-12-22 17:12:00,84.99
2025-12-22 17:32:00,32.94
2025-12-22 17:42:00,24.95
2025-12-22 18:00:00,39.95
2025-12-22 18:04:00,24.95
2025-12-22 18:12:00,98.0
2025-12-22 18:28:00,98.0
2025-12-22 22:12:00,54.97
2025-12-22 23:36:00,24.95
2025-12-22 23:58:00,84.99
2025-12-23 01:20:00,39.95
2025-12-23 03:04:00,38.0
2025-12-23 03:34:00,39.95
2025-12-23 03:58:00,84.99
2025-12-23 04:02:00,39.95
2025-12-23 05:00:00,84.99
2025-12-23 05:20:00,39.95
2025-12-23 05:36:00,32.94
2025-12-23 05:50:00,98.0
2025-12-23 06:04:00,24.95
2025-12-23 06:08:00,61.475
2025-12-23 06:54:00,84.99
2025-12-23 06:56:00,39.95
2025-12-23 07:20:00,98.0
2025-12-23 07:26:00,98.0
2025-12-23 07:58:00,24.95
2025-12-23 08:50:00,98.0
2025-12-23 09:04:00,39.95
2025-12-23 09:16:00,98.0
2025-12-23 09:28:00,24.95
2025-12-23 10:08:00,39.95
2025-12-23 10:16:00,84.99
2025-12-23 11:08:00,98.0
2025-12-23 11:44:00,38.0
2025-12-23 12:04:00,61.475
2025-12-23 12:12:00,84.99
2025-12-23 12:18:00,24.95
2025-12-23 13:00:00,24.95
2025-12-23 13:08:00,209.99
2025-12-23 13:28:00,98.0
2025-12-23 13:36:00,39.95
2025-12-23 14:02:00,98.0
2025-12-23 14:24:00,84.99
2025-12-23 15:10:00,98.0
2025-12-23 15:24:00,98.0
2025-12-23 15:58:00,84.99
2025-12-23 16:32:00,24.95
2025-12-23 16:38:00,39.95
2025-12-23 16:56:00,98.0
2025-12-23 17:28:00,98.0
2025-12-23 18:32:00,98.0
2025-12-23 19:32:00,84.99
2025-12-23 20:16:00,39.95
2025-12-23 22:24:00,98.0
2025-12-23 22:54:00,84.99
2025-12-23 23:58:00,84.99
2025-12-24 00:04:00,24.95
2025-12-24 01:00:00,24.95
2025-12-24 01:16:00,98.0
2025-12-24 02:28:00,39.95
2025-12-24 02:54:00,94.99
2025-12-24 03:36:00,98.0
2025-12-24 04:00:00,39.95
2025-12-24 04:40:00,98.0
2025-12-24 05:12:00,94.99
2025-12-24 05:58:00,24.95
2025-12-24 06:36:00,39.95
2025-12-24 07:50:00,96.495
2025-12-24 08:24:00,98.0
2025-12-24 10:40:00,98.0
2025-12-24 13:16:00,98.0
2025-12-24 14:00:00,24.95
2025-12-24 14:50:00,30.0
2025-12-24 14:56:00,98.0
2025-12-24 15:00:00,39.95
2025-12-24 16:40:00,24.95
2025-12-24 17:20:00,39.95
2025-12-24 17:52:00,98.0
2025-12-24 19:24:00,98.0
2025-12-24 20:20:00,39.95
2025-12-24 21:06:00,98.0
2025-12-24 21:08:00,39.95
2025-12-24 22:50:00,229.99
2025-12-25 00:04:00,32.97
2025-12-25 01:20:00,67.47
2025-12-25 03:58:00,94.99
2025-12-25 04:16:00,39.95
2025-12-25 04:22:00,98.0
2025-12-25 05:12:00,94.99
2025-12-25 05:44:00,39.95
2025-12-25 06:34:00,98.0
2025-12-25 07:04:00,39.95
2025-12-25 07:12:00,94.99
2025-12-25 07:26:00,24.95
2025-12-25 09:12:00,94.99
2025-12-25 10:16:00,94.99
2025-12-25 11:20:00,24.95
2025-12-25 12:38:00,39.95
2025-12-25 13:16:00,94.99
2025-12-25 14:54:00,199.49
2025-12-25 15:12:00,94.99
2025-12-25 15:40:00,39.95
2025-12-25 17:14:00,94.99
2025-12-25 17:40:00,98.0
2025-12-25 18:08:00,39.95
2025-12-25 20:16:00,68.0
2025-12-25 20:24:00,24.95
2025-12-25 20:56:00,39.95
2025-12-25 21:14:00,98.0
2025-12-25 22:56:00,98.0
2025-12-26 00:34:00,98.0
2025-12-26 00:40:00,39.95
2025-12-26 02:52:00,24.95
2025-12-26 03:24:00,98.0
2025-12-26 05:40:00,98.0
2025-12-26 06:06:00,39.95
2025-12-26 06:52:00,98.0
2025-12-26 06:54:00,94.99
2025-12-26 07:14:00,24.95
2025-12-26 08:12:00,94.99
2025-12-26 08:42:00,24.95
2025-12-26 08:44:00,39.95
2025-12-26 10:20:00,98.0
2025-12-26 10:48:00,24.95
2025-12-26 13:36:00,98.0
2025-12-26 13:42:00,39.95
2025-12-26 14:16:00,24.95
2025-12-26 15:08:00,39.95
2025-12-26 15:12:00,94.99
2025-12-26 16:48:00,33.06
2025-12-26 17:12:00,98.0
2025-12-26 18:36:00,39.95
2025-12-26 19:12:00,94.99
2025-12-26 19:28:00,24.95
2025-12-26 19:34:00,239.95
2025-12-26 20:38:00,39.95
2025-12-26 20:44:00,94.99
2025-12-26 22:12:00,94.99
2025-12-26 23:00:00,24.95
2025-12-26 23:38:00,98.0
2025-12-26 23:48:00,229.99
2025-12-26 23:52:00,24.95
2025-12-27 00:04:00,39.95
2025-12-27 01:16:00,24.95
2025-12-27 01:18:00,94.99
2025-12-27 01:52:00,22.07
2025-12-27 02:52:00,39.95
2025-12-27 03:36:00,24.95
2025-12-27 04:00:00,94.99
2025-12-27 04:56:00,24.95
2025-12-27 05:02:00,98.0
2025-12-27 05:10:00,94.99
2025-12-27 05:56:00,39.95
2025-12-27 06:04:00,94.99
2025-12-27 06:40:00,98.0
2025-12-27 07:44:00,39.95
2025-12-27 07:52:00,98.0
2025-12-27 09:04:00,98.0
2025-12-27 12:04:00,24.95
2025-12-27 12:18:00,39.95
2025-12-27 12:20:00,98.0
2025-12-27 13:32:00,98.0
2025-12-27 14:40:00,39.95
2025-12-27 15:04:00,38.0
2025-12-27 15:06:00,98.0
2025-12-27 15:44:00,39.95
2025-12-27 17:16:00,39.95
2025-12-27 17:20:00,98.0
2025-12-27 18:00:00,24.95
2025-12-27 18:04:00,38.0
2025-12-27 19:24:00,39.95
2025-12-27 20:40:00,98.0
2025-12-27 21:04:00,39.95
2025-12-27 22:00:00,24.95
2025-12-27 22:14:00,38.0
2025-12-27 22:26:00,39.95
2025-12-27 22:32:00,24.95
2025-12-27 23:08:00,98.0
2025-12-27 23:56:00,39.95
2025-12-28 01:24:00,24.95
2025-12-28 03:02:00,98.0
2025-12-28 04:22:00,38.0
2025-12-28 05:44:00,39.95
2025-12-28 06:00:00,94.99
2025-12-28 06:32:00,98.0
2025-12-28 07:04:00,24.95
2025-12-28 08:34:00,98.0
2025-12-28 09:40:00,98.0
2025-12-28 10:52:00,98.0
2025-12-28 12:04:00,98.0
2025-12-28 12:14:00,99.0
2025-12-28 13:36:00,98.0
2025-12-28 14:34:00,219.99
2025-12-28 15:44:00,98.0
2025-12-28 18:08:00,98.0
2025-12-28 20:48:00,39.95
2025-12-28 20:56:00,24.95
2025-12-28 21:56:00,98.0
2025-12-28 22:54:00,229.99
2025-12-28 23:08:00,98.0
2025-12-28 23:32:00,21.63
2025-12-28 23:40:00,30.0
2025-12-29 00:02:00,98.0
2025-12-29 00:28:00,219.99
2025-12-29 00:56:00,49.505
2025-12-29 02:34:00,127.47
2025-12-29 03:40:00,98.0
2025-12-29 03:48:00,39.95
2025-12-29 07:14:00,98.0
2025-12-29 07:30:00,39.95
2025-12-29 07:46:00,98.0
2025-12-29 07:56:00,98.0
2025-12-29 08:30:00,98.0
2025-12-29 08:58:00,98.0
2025-12-29 09:34:00,39.95
2025-12-29 11:08:00,21.7
2025-12-29 11:12:00,98.0
2025-12-29 11:46:00,98.0
2025-12-29 12:02:00,24.95
2025-12-29 12:32:00,39.95
2025-12-29 12:40:00,98.0
2025-12-29 13:20:00,98.0
2025-12-29 13:32:00,98.0
2025-12-29 14:54:00,98.0
2025-12-29 15:04:00,21.66
2025-12-29 15:42:00,98.0
2025-12-29 16:24:00,98.0
2025-12-29 18:04:00,24.95
2025-12-29 19:32:00,219.99
2025-12-29 19:36:00,24.95
2025-12-29 19:56:00,65.51
2025-12-29 20:04:00,39.99
2025-12-29 20:12:00,39.95
2025-12-29 20:38:00,98.0
2025-12-29 21:26:00,98.0
2025-12-29 21:44:00,68.0
2025-12-29 21:52:00,98.0
2025-12-29 23:16:00,39.95
2025-12-30 00:02:00,24.95
2025-12-30 00:32:00,239.95
2025-12-30 01:08:00,98.0
2025-12-30 01:40:00,39.95
2025-12-30 01:44:00,30.0
2025-12-30 02:56:00,98.0
2025-12-30 03:24:00,24.95
2025-12-30 03:52:00,24.95
2025-12-30 04:04:00,98.0
2025-12-30 05:00:00,39.95
2025-12-30 05:42:00,98.0
2025-12-30 07:08:00,24.95
2025-12-30 07:44:00,24.95
2025-12-30 08:40:00,178.0
2025-12-30 09:08:00,39.95
2025-12-30 10:56:00,39.95
2025-12-30 12:04:00,21.52
2025-12-30 12:12:00,39.95
2025-12-30 15:16:00,39.95
2025-12-30 16:38:00,39.95
2025-12-30 18:04:00,24.95
2025-12-30 18:22:00,219.99
2025-12-30 19:42:00,39.95
2025-12-30 20:04:00,69.99
2025-12-30 20:08:00,30.0
2025-12-30 20:14:00,24.95
2025-12-30 21:24:00,39.95
2025-12-30 23:48:00,39.95
2025-12-31 03:28:00,24.95
2025-12-31 08:04:00,68.0
2025-12-31 09:34:00,39.95
2025-12-31 13:44:00,24.95
2025-12-31 14:42:00,39.95
2025-12-31 18:42:00,39.95
2025-12-31 22:40:00,39.95
2025-12-31 23:08:00,39.95
2026-01-01 00:02:00,21.7
2026-01-01 00:40:00,39.95
2026-01-01 03:30:00,39.95
2026-01-01 07:44:00,39.95
2026-01-01 09:04:00,22.1
2026-01-01 09:40:00,39.95
2026-01-01 11:36:00,39.95
2026-01-01 13:14:00,24.95
2026-01-01 13:48:00,24.95
2026-01-01 14:38:00,39.95
2026-01-01 18:00:00,39.95
2026-01-01 18:52:00,32.93
2026-01-01 18:58:00,24.95
2026-01-01 20:04:00,39.95
2026-01-01 20:56:00,30.0
2026-01-01 21:12:00,39.95
2026-01-02 01:12:00,39.95
2026-01-02 01:28:00,24.95
2026-01-02 05:48:00,39.95
2026-01-02 06:04:00,24.95
2026-01-02 06:44:00,39.95
2026-01-02 08:00:00,39.95
2026-01-02 10:22:00,39.95
2026-01-02 12:04:00,21.63
2026-01-02 13:42:00,39.95
2026-01-02 16:40:00,39.95
2026-01-02 17:32:00,22.17
2026-01-02 22:12:00,24.95
2026-01-03 00:12:00,39.95
2026-01-03 00:48:00,24.95
2026-01-03 03:04:00,21.56
2026-01-03 05:36:00,39.95
2026-01-03 06:44:00,39.95
2026-01-03 09:04:00,24.95
2026-01-03 10:20:00,24.95
2026-01-03 10:44:00,39.95
2026-01-03 14:26:00,21.51
2026-01-03 15:20:00,24.95
2026-01-03 15:52:00,39.95
2026-01-03 18:04:00,24.95
2026-01-03 18:50:00,24.95
2026-01-03 23:12:00,39.95
2026-01-04 01:32:00,39.95
2026-01-04 04:44:00,24.95
2026-01-04 05:56:00,39.95
2026-01-04 06:40:00,24.95
2026-01-04 12:04:00,24.95
2026-01-04 12:40:00,39.95
2026-01-04 14:40:00,24.95
2026-01-04 15:04:00,32.91
2026-01-04 15:40:00,39.95
2026-01-04 16:52:00,24.95
2026-01-04 18:26:00,39.95
2026-01-04 20:40:00,39.95
2026-01-04 21:02:00,24.95
2026-01-05 00:56:00,39.95
2026-01-05 03:32:00,24.95
2026-01-05 03:52:00,39.95
2026-01-05 06:28:00,39.95
2026-01-05 07:20:00,39.95
2026-01-05 08:24:00,239.95
2026-01-05 08:32:00,24.95
2026-01-05 08:52:00,39.95
2026-01-05 09:14:00,39.95
2026-01-05 10:40:00,24.95
2026-01-05 11:40:00,39.95
2026-01-05 12:00:00,24.95
2026-01-05 17:42:00,39.95
2026-01-05 20:20:00,39.95
2026-01-05 21:20:00,39.95
2026-01-06 00:06:00,39.95
2026-01-06 01:28:00,24.95
2026-01-06 02:52:00,24.95
2026-01-06 03:00:00,39.95
2026-01-06 05:20:00,179.95
2026-01-06 06:44:00,39.95
2026-01-06 10:44:00,39.95
2026-01-06 10:50:00,24.95
2026-01-06 12:04:00,24.95
2026-01-06 12:20:00,39.95
2026-01-06 13:10:00,24.95
2026-01-06 14:20:00,99.99
2026-01-06 14:40:00,39.95
2026-01-06 15:04:00,24.95
2026-01-06 17:36:00,39.95
2026-01-06 22:04:00,24.95
2026-01-06 23:08:00,39.95
2026-01-07 01:36:00,39.95
2026-01-07 05:38:00,39.95
2026-01-07 08:02:00,39.95
2026-01-07 09:04:00,24.95
2026-01-07 09:08:00,39.95
2026-01-07 11:46:00,39.95
2026-01-07 13:36:00,24.95
2026-01-07 13:52:00,39.95
2026-01-07 18:06:00,24.95
2026-01-07 19:12:00,199.99
2026-01-07 19:18:00,32.89
2026-01-07 20:16:00,199.99
2026-01-07 20:20:00,39.95
2026-01-07 20:52:00,99.99
2026-01-07 23:04:00,39.95
2026-01-08 00:16:00,39.95
2026-01-08 02:46:00,24.95
2026-01-08 03:40:00,39.95
2026-01-08 05:42:00,39.95
2026-01-08 08:20:00,179.95
2026-01-08 08:36:00,24.95
2026-01-08 13:40:00,39.95
2026-01-08 18:32:00,39.95
2026-01-08 19:22:00,39.95
2026-01-08 19:36:00,24.57
2026-01-08 20:02:00,239.95
2026-01-08 20:10:00,24.95
2026-01-08 21:24:00,199.99
2026-01-08 22:52:00,39.95
2026-01-08 23:24:00,199.99
2026-01-09 01:22:00,39.95
2026-01-09 02:44:00,24.95
2026-01-09 04:44:00,24.95
2026-01-09 05:12:00,39.95
2026-01-09 12:24:00,39.95
2026-01-09 13:54:00,236.0
2026-01-09 15:04:00,24.6
2026-01-09 16:12:00,39.95
2026-01-09 18:36:00,39.95
2026-01-09 19:20:00,24.95
2026-01-09 19:24:00,44.99
2026-01-09 21:00:00,39.95
2026-01-10 00:16:00,39.95
2026-01-10 02:40:00,39.95
2026-01-10 07:24:00,24.95
2026-01-10 08:10:00,229.99
2026-01-10 09:28:00,39.95
2026-01-10 09:50:00,24.61
2026-01-10 12:06:00,39.95
2026-01-10 14:24:00,39.95
2026-01-10 15:32:00,29.95
2026-01-10 20:38:00,24.95
2026-01-10 22:06:00,39.95
2026-01-11 02:24:00,39.95
2026-01-11 02:40:00,24.95
2026-01-11 05:12:00,39.95
2026-01-11 06:04:00,24.95
2026-01-11 08:04:00,39.95
2026-01-11 09:48:00,24.95
2026-01-11 10:22:00,39.95
2026-01-11 11:22:00,24.95
2026-01-11 15:16:00,24.65
2026-01-11 17:12:00,39.95
2026-01-11 19:06:00,39.95
2026-01-11 20:04:00,24.95
2026-01-11 21:16:00,39.95
2026-01-12 00:16:00,232.28
2026-01-12 02:26:00,39.95
2026-01-12 03:04:00,24.95
2026-01-12 04:48:00,39.95
2026-01-12 06:42:00,39.95
2026-01-12 07:20:00,229.99
2026-01-12 07:28:00,39.95
2026-01-12 10:08:00,39.95
2026-01-12 12:34:00,39.95
2026-01-12 14:06:00,39.95
2026-01-12 14:40:00,24.68
2026-01-12 15:08:00,24.95
2026-01-12 15:20:00,39.95
2026-01-12 17:14:00,39.95
2026-01-12 17:32:00,239.0
2026-01-12 22:32:00,112.2
2026-01-13 01:16:00,149.99
2026-01-13 03:04:00,24.95
2026-01-13 04:42:00,39.95
2026-01-13 05:58:00,149.95
2026-01-13 06:04:00,249.99
2026-01-13 07:22:00,32.63
2026-01-13 07:56:00,29.95
2026-01-13 08:40:00,39.95
2026-01-13 10:36:00,21.41
2026-01-13 10:40:00,39.95
2026-01-13 12:04:00,24.95
2026-01-13 13:20:00,30.92
2026-01-13 13:32:00,149.95
2026-01-13 13:56:00,39.95
2026-01-13 14:44:00,29.95
2026-01-13 16:08:00,39.95
2026-01-13 16:32:00,24.95
2026-01-13 16:44:00,23.605
2026-01-13 17:36:00,39.95
2026-01-13 19:04:00,239.95
2026-01-13 19:08:00,47.99
2026-01-13 19:10:00,39.95
2026-01-13 19:40:00,29.95
2026-01-13 19:52:00,29.95
2026-01-13 20:16:00,39.95
2026-01-13 22:36:00,39.95
2026-01-14 05:54:00,149.99
2026-01-14 07:04:00,149.99
2026-01-14 09:04:00,29.95
2026-01-14 09:14:00,22.11
2026-01-14 09:36:00,39.95
2026-01-14 11:06:00,30.86
2026-01-14 13:02:00,49.95
2026-01-14 14:00:00,29.95
2026-01-14 15:32:00,149.95
2026-01-14 16:56:00,29.95
2026-01-14 17:30:00,149.99
2026-01-14 17:34:00,149.95
2026-01-14 18:44:00,149.99
2026-01-14 18:50:00,112.0
2026-01-14 20:54:00,29.95
2026-01-14 23:04:00,39.95
2026-01-15 00:50:00,149.95
2026-01-15 01:06:00,111.9
2026-01-15 01:28:00,44.99
2026-01-15 01:30:00,149.95
2026-01-15 02:06:00,39.95
2026-01-15 02:42:00,29.95
2026-01-15 02:44:00,29.95
2026-01-15 06:32:00,39.95
2026-01-15 08:04:00,29.95
2026-01-15 09:52:00,39.95
2026-01-15 11:58:00,39.95
2026-01-15 12:36:00,24.67
2026-01-15 14:54:00,30.79
2026-01-15 15:00:00,29.95
2026-01-15 15:06:00,29.95
2026-01-15 16:04:00,39.95
2026-01-15 22:36:00,39.95
2026-01-16 00:04:00,29.95
2026-01-16 02:00:00,39.95
2026-01-16 02:18:00,111.9
2026-01-16 02:48:00,31.04
2026-01-16 03:40:00,29.95
2026-01-16 05:32:00,39.95
2026-01-16 05:40:00,29.95
2026-01-16 06:04:00,26.41
2026-01-16 06:44:00,29.95
2026-01-16 06:56:00,39.95
2026-01-16 08:40:00,24.61
2026-01-16 10:52:00,149.99
2026-01-16 12:40:00,29.95
2026-01-16 15:28:00,29.95
2026-01-16 17:58:00,39.95
2026-01-16 18:32:00,44.99
2026-01-16 22:00:00,122.13
2026-01-16 22:42:00,117.0
2026-01-17 01:04:00,29.95
2026-01-17 03:04:00,39.95
2026-01-17 04:16:00,29.95
2026-01-17 05:40:00,44.99
2026-01-17 06:02:00,149.95
2026-01-17 06:04:00,39.95
2026-01-17 06:58:00,116.0
2026-01-17 09:04:00,26.23
2026-01-17 10:28:00,29.95
2026-01-17 10:40:00,29.95
2026-01-17 12:14:00,239.0
2026-01-17 12:16:00,39.95
2026-01-17 13:16:00,29.95
2026-01-17 14:30:00,39.95
2026-01-17 17:08:00,39.95
2026-01-17 18:00:00,24.68
2026-01-17 18:04:00,29.95
2026-01-17 23:04:00,239.95
2026-01-18 00:04:00,115.99
2026-01-18 00:20:00,39.95
2026-01-18 01:32:00,39.95
2026-01-18 07:00:00,39.95
2026-01-18 07:24:00,24.59
2026-01-18 08:30:00,29.95
2026-01-18 09:46:00,39.95
2026-01-18 10:16:00,26.35
2026-01-18 12:04:00,29.95
2026-01-18 12:18:00,39.95
2026-01-18 14:14:00,115.0
2026-01-18 15:20:00,29.95
2026-01-18 15:26:00,39.95
2026-01-18 15:40:00,29.95
2026-01-18 18:32:00,30.96
2026-01-18 19:44:00,39.95
2026-01-18 21:44:00,149.99
2026-01-18 23:44:00,39.95
2026-01-19 00:32:00,39.95
2026-01-19 01:44:00,39.95
2026-01-19 02:00:00,239.0
2026-01-19 03:04:00,29.95
2026-01-19 04:42:00,29.95
2026-01-19 06:14:00,239.95
2026-01-19 08:20:00,29.95
2026-01-19 08:40:00,26.38
2026-01-19 11:10:00,29.95
2026-01-19 12:04:00,39.95
2026-01-19 13:12:00,149.95
2026-01-19 14:00:00,39.95
2026-01-19 14:08:00,39.95
2026-01-19 15:42:00,39.95
2026-01-19 16:08:00,149.99
2026-01-19 16:28:00,29.95
2026-01-19 17:56:00,39.95
2026-01-19 18:36:00,44.99
2026-01-19 18:56:00,30.7
2026-01-19 20:16:00,29.95
2026-01-19 20:48:00,39.95
2026-01-19 22:20:00,116.9
2026-01-20 01:04:00,30.76
2026-01-20 01:38:00,29.95
2026-01-20 03:04:00,29.95
2026-01-20 04:48:00,115.0
2026-01-20 05:18:00,29.95
2026-01-20 07:36:00,29.95
2026-01-20 08:58:00,26.49
2026-01-20 09:04:00,29.95
2026-01-20 09:22:00,39.95
2026-01-20 11:42:00,149.99
2026-01-20 11:48:00,19.99
2026-01-20 13:48:00,24.6
2026-01-20 14:44:00,39.95
2026-01-20 14:50:00,149.95
2026-01-20 15:46:00,39.95
2026-01-20 15:48:00,30.76
2026-01-20 16:08:00,42.45
2026-01-20 17:12:00,39.95
2026-01-20 17:26:00,149.95
2026-01-20 17:32:00,19.99
2026-01-20 18:48:00,39.95
2026-01-20 20:24:00,149.99
2026-01-20 21:20:00,39.95
2026-01-20 22:30:00,39.95
2026-01-21 00:04:00,26.44
2026-01-21 00:12:00,114.95
2026-01-21 00:28:00,30.79
2026-01-21 02:16:00,39.95
2026-01-21 03:04:00,26.49
2026-01-21 03:32:00,29.95
2026-01-21 06:32:00,149.95
2026-01-21 06:40:00,44.99
2026-01-21 07:16:00,39.95
2026-01-21 07:44:00,30.81
2026-01-21 07:48:00,149.99
2026-01-21 07:56:00,19.99
2026-01-21 08:00:00,24.63
2026-01-21 09:44:00,114.9
2026-01-21 12:04:00,28.21
2026-01-21 15:42:00,114.5
2026-01-21 17:40:00,26.48
2026-01-21 18:06:00,39.95
2026-01-21 18:54:00,149.95
2026-01-21 20:22:00,114.95
2026-01-21 20:40:00,29.95
2026-01-21 21:44:00,39.95
2026-01-21 22:54:00,34.95
2026-01-22 03:44:00,69.99
2026-01-22 04:32:00,39.95
2026-01-22 04:34:00,29.95
2026-01-22 06:04:00,29.95
2026-01-22 07:12:00,26.49
2026-01-22 08:06:00,39.95
2026-01-22 10:20:00,39.95
2026-01-22 12:02:00,149.99
2026-01-22 12:08:00,39.95
2026-01-22 14:00:00,49.99
2026-01-22 14:32:00,149.99
2026-01-22 14:56:00,149.95
2026-01-22 17:38:00,149.97
2026-01-22 18:28:00,29.95
2026-01-22 18:40:00,39.95
2026-01-22 20:16:00,29.95
2026-01-22 21:16:00,39.95
2026-01-22 22:00:00,149.99
2026-01-22 23:26:00,39.95
2026-01-23 00:40:00,39.95
2026-01-23 02:00:00,54.95
2026-01-23 02:08:00,29.95
2026-01-23 02:18:00,39.95
2026-01-23 04:14:00,39.95
2026-01-23 05:50:00,39.95
2026-01-23 06:58:00,39.95
2026-01-23 07:24:00,149.95
2026-01-23 07:32:00,199.99
2026-01-23 08:04:00,39.95
2026-01-23 08:30:00,39.95
2026-01-23 08:36:00,134.95
2026-01-23 08:50:00,24.58
2026-01-23 09:04:00,26.41
2026-01-23 09:42:00,39.95
2026-01-23 10:10:00,39.95
2026-01-23 12:32:00,149.95
2026-01-23 13:56:00,39.95
2026-01-23 15:32:00,149.99
2026-01-23 15:36:00,39.95
2026-01-23 16:40:00,39.95
2026-01-23 18:54:00,39.95
2026-01-23 19:42:00,149.95
2026-01-23 19:56:00,39.95
2026-01-23 20:28:00,29.95
2026-01-24 00:12:00,29.95
2026-01-24 00:48:00,30.64
2026-01-24 02:48:00,39.95
2026-01-24 03:04:00,29.95
2026-01-24 03:56:00,39.95
2026-01-24 07:28:00,39.95
2026-01-24 08:34:00,26.24
2026-01-24 09:16:00,39.95
2026-01-24 11:38:00,39.95
2026-01-24 12:32:00,149.95
2026-01-24 12:50:00,39.95
2026-01-24 16:32:00,39.95
2026-01-24 17:14:00,149.99
2026-01-24 21:40:00,39.95
2026-01-24 21:46:00,29.95
2026-01-24 22:42:00,39.95
2026-01-25 00:12:00,39.95
2026-01-25 02:38:00,30.67
2026-01-25 03:04:00,149.95
2026-01-25 06:08:00,39.95
2026-01-25 06:28:00,29.95
2026-01-25 09:04:00,25.32
2026-01-25 11:30:00,39.95
2026-01-25 12:34:00,149.99
2026-01-25 14:56:00,30.67
2026-01-25 16:40:00,149.95
2026-01-25 18:06:00,39.95
2026-01-25 20:12:00,149.99
2026-01-25 20:56:00,39.95
2026-01-25 22:02:00,39.95
2026-01-25 22:32:00,149.95
2026-01-25 23:06:00,68.0
2026-01-25 23:42:00,149.99
2026-01-26 00:04:00,149.95
2026-01-26 01:24:00,39.95
2026-01-26 01:48:00,69.99
2026-01-26 05:12:00,39.95
2026-01-26 06:16:00,26.12
2026-01-26 07:14:00,68.0
2026-01-26 08:46:00,39.95
2026-01-26 09:12:00,69.99
2026-01-26 12:52:00,39.95
2026-01-26 14:30:00,26.11
2026-01-26 17:32:00,89.95
2026-01-26 20:30:00,29.95
2026-01-26 23:20:00,64.95
2026-01-27 00:00:00,38.035000000000004
2026-01-27 02:26:00,49.95
2026-01-27 03:04:00,26.11
2026-01-27 05:26:00,149.99
2026-01-27 05:52:00,26.09
2026-01-27 07:34:00,24.59
2026-01-27 08:14:00,30.67
2026-01-27 09:04:00,49.95
2026-01-27 09:56:00,149.95
2026-01-27 11:42:00,199.0
2026-01-27 12:28:00,149.99
2026-01-27 13:38:00,149.95
2026-01-27 15:04:00,49.95
2026-01-27 16:44:00,149.99
2026-01-27 19:00:00,149.95
2026-01-27 20:46:00,149.99
2026-01-27 21:04:00,22.1
2026-01-27 21:10:00,29.99
2026-01-27 21:28:00,49.95
2026-01-27 23:50:00,68.0
2026-01-28 01:14:00,149.95
2026-01-28 01:26:00,49.95
2026-01-28 02:58:00,69.99
2026-01-28 06:04:00,49.95
2026-01-28 06:54:00,22.26
2026-01-28 12:12:00,40.31
2026-01-28 13:50:00,22.17
2026-01-28 15:38:00,30.0
2026-01-28 18:48:00,30.64
2026-01-28 19:32:00,49.95
2026-01-28 21:52:00,22.26
2026-01-29 00:04:00,49.95
2026-01-29 05:42:00,149.99
2026-01-29 06:04:00,49.95
2026-01-29 07:48:00,22.13
2026-01-29 12:04:00,49.95
2026-01-29 15:12:00,114.0
2026-01-29 16:32:00,149.95
2026-01-29 16:44:00,29.95
2026-01-29 16:56:00,114.95
2026-01-29 17:42:00,149.99
2026-01-29 18:56:00,49.95
2026-01-29 18:58:00,149.95
2026-01-29 19:48:00,149.99
2026-01-29 19:50:00,30.0
2026-01-29 22:32:00,149.95
2026-01-30 00:42:00,149.99
2026-01-30 01:00:00,30.0
2026-01-30 01:48:00,49.95
2026-01-30 02:54:00,149.99
2026-01-30 04:42:00,149.95
2026-01-30 05:24:00,52.44
2026-01-30 07:52:00,24.58
2026-01-30 08:50:00,149.95
2026-01-30 09:16:00,249.95
2026-01-30 10:42:00,30.6
2026-01-30 18:52:00,30.0
2026-01-30 21:04:00,49.95
2026-01-31 01:32:00,30.64
2026-01-31 04:40:00,30.61
2026-01-31 07:14:00,89.95
2026-01-31 09:04:00,24.63
2026-01-31 11:58:00,55.99
2026-01-31 13:38:00,89.95
2026-01-31 14:28:00,29.98
2026-02-01 01:32:00,30.61
2026-02-01 06:24:00,68.0
2026-02-01 06:40:00,99.95
2026-02-01 07:20:00,59.95
2026-02-01 07:42:00,44.95
2026-02-01 08:04:00,169.95
2026-02-01 08:10:00,34.95
2026-02-01 08:38:00,129.95
2026-02-01 08:52:00,24.58
2026-02-01 09:04:00,54.97
2026-02-01 09:08:00,44.95
2026-02-01 12:44:00,44.95
2026-02-01 15:40:00,39.95
2026-02-01 16:34:00,99.99
2026-02-01 16:44:00,39.95
2026-02-01 17:52:00,99.99
2026-02-01 19:04:00,44.95
2026-02-01 19:30:00,99.99
2026-02-01 20:44:00,99.99
2026-02-01 21:04:00,99.99
2026-02-01 21:12:00,44.95
2026-02-01 21:24:00,44.95
2026-02-01 21:50:00,99.99
2026-02-01 22:36:00,68.0
2026-02-01 23:02:00,99.99
2026-02-02 00:36:00,99.99
2026-02-02 00:44:00,44.95
2026-02-02 01:40:00,69.99
2026-02-02 03:18:00,229.99
2026-02-02 04:00:00,99.99
2026-02-02 05:08:00,99.99
2026-02-02 06:34:00,99.99
2026-02-02 07:28:00,39.95
2026-02-02 08:50:00,219.99
2026-02-02 09:04:00,48.0
2026-02-02 11:00:00,229.99
2026-02-02 14:24:00,44.95
2026-02-02 17:40:00,39.95
2026-02-02 17:48:00,234.0
2026-02-02 19:30:00,39.95
2026-02-02 21:12:00,229.99
2026-02-03 05:54:00,39.95
2026-02-03 06:04:00,99.99
2026-02-03 10:28:00,24.63
2026-02-03 12:06:00,184.0
2026-02-03 14:46:00,229.99
2026-02-03 14:56:00,30.58
2026-02-03 16:20:00,44.95
2026-02-04 02:28:00,184.0
2026-02-04 11:20:00,98.0
2026-02-04 14:16:00,229.99
2026-02-05 00:08:00,24.58
2026-02-06 09:12:00,99.0
2026-02-06 11:22:00,30.59
2026-02-06 13:56:00,24.63
2026-02-07 05:30:00,39.99
2026-02-07 07:16:00,24.58
2026-02-07 14:40:00,29.95
2026-02-07 14:44:00,279.95
2026-02-08 20:08:00,30.52
2026-02-09 04:08:00,39.95
2026-02-09 08:16:00,209.99
2026-02-09 13:54:00,229.99
2026-02-09 15:28:00,209.99
2026-02-09 16:00:00,229.99
2026-02-09 21:00:00,229.99
2026-02-09 23:24:00,94.95
2026-02-11 02:20:00,39.95
2026-02-11 13:00:00,30.62
2026-02-11 15:32:00,21.97
2026-02-11 23:56:00,22.37
2026-02-12 18:58:00,30.54
2026-02-12 19:56:00,44.99
2026-02-13 05:36:00,30.54
2026-02-13 13:24:00,30.54
2026-02-13 13:58:00,31.71
2026-02-13 20:00:00,30.54
2026-02-14 08:02:00,39.99
2026-02-14 12:04:00,30.54
2026-02-14 13:44:00,30.53
2026-02-15 07:24:00,24.56
2026-02-15 08:54:00,139.97
2026-02-15 10:28:00,44.99
2026-02-15 10:38:00,149.95
2026-02-15 20:12:00,41.43
2026-02-15 21:46:00,19.99
2026-02-16 09:00:00,30.54
2026-02-16 10:08:00,99.99
2026-02-16 10:12:00,199.95
2026-02-16 10:34:00,98.0
2026-02-16 10:46:00,209.99
2026-02-16 18:24:00,97.0
2026-02-17 01:24:00,19.99
2026-02-17 06:00:00,30.57
2026-02-17 07:54:00,63.99
2026-02-17 09:16:00,149.99
2026-02-17 14:30:00,149.95
2026-02-17 14:32:00,43.480000000000004
2026-02-17 15:46:00,229.0
2026-02-17 22:10:00,59.95
2026-02-17 22:32:00,30.6
2026-02-18 06:04:00,24.62
2026-02-18 08:46:00,26.2
2026-02-18 15:32:00,67.99
2026-02-18 17:20:00,63.99
2026-02-18 19:48:00,30.6
2026-02-19 01:52:00,30.6
2026-02-19 04:08:00,19.99
2026-02-19 06:04:00,24.58
2026-02-19 08:24:00,30.0
2026-02-19 08:44:00,26.35
2026-02-19 15:04:00,30.8
2026-02-19 20:10:00,239.99
2026-02-19 23:50:00,149.99
2026-02-20 00:32:00,229.0
2026-02-20 01:26:00,149.95
2026-02-20 02:34:00,149.99
2026-02-20 05:02:00,149.95
2026-02-20 07:00:00,24.64
2026-02-20 07:12:00,26.62
2026-02-20 07:48:00,149.99
2026-02-20 11:14:00,149.95
2026-02-20 12:00:00,28.99
2026-02-20 15:26:00,239.95
2026-02-20 19:24:00,114.95
2026-02-20 19:36:00,30.78
2026-02-20 21:52:00,49.95
2026-02-21 01:06:00,29.99
2026-02-21 05:52:00,24.56
2026-02-21 07:52:00,229.0
2026-02-21 13:18:00,26.29
2026-02-21 13:28:00,99.0
2026-02-21 15:04:00,149.95
2026-02-21 19:28:00,30.77
2026-02-22 05:24:00,149.99
2026-02-22 06:04:00,25.415
2026-02-22 08:12:00,49.99
2026-02-22 11:32:00,149.95
2026-02-22 14:32:00,149.99
2026-02-22 15:08:00,67.99
2026-02-22 15:40:00,30.84
2026-02-22 16:30:00,149.95
2026-02-22 18:28:00,149.99
2026-02-22 20:34:00,149.99
2026-02-22 23:28:00,149.95
2026-02-23 01:18:00,149.99
2026-02-23 02:20:00,149.95
2026-02-23 02:40:00,149.95
2026-02-23 04:42:00,149.99
2026-02-23 05:02:00,89.95
2026-02-23 07:22:00,149.95
2026-02-23 07:32:00,30.8
2026-02-23 07:48:00,149.99
2026-02-23 08:46:00,98.0
2026-02-23 08:48:00,49.99
2026-02-23 11:24:00,149.95
2026-02-23 12:08:00,178.0
2026-02-23 13:02:00,149.99
2026-02-23 14:10:00,149.95
2026-02-23 15:46:00,68.0
2026-02-24 00:32:00,120.0
2026-02-24 01:32:00,54.95
2026-02-24 07:16:00,64.95
2026-02-24 17:18:00,49.95
2026-02-24 17:20:00,149.99
2026-02-24 20:12:00,119.0
2026-02-25 05:12:00,104.99
2026-02-25 07:16:00,49.99
2026-02-25 07:56:00,30.79
2026-02-25 09:06:00,149.95
2026-02-25 10:12:00,149.99
2026-02-25 14:34:00,54.95
2026-02-25 15:18:00,149.95
2026-02-25 16:26:00,149.99
2026-02-25 17:56:00,97.0
2026-02-25 19:16:00,149.95
2026-02-26 02:50:00,149.99
2026-02-26 06:26:00,49.99
2026-02-26 07:24:00,149.99
2026-02-26 07:38:00,149.95
2026-02-26 12:12:00,54.95
2026-02-26 12:24:00,149.95
2026-02-26 13:44:00,149.99
2026-02-26 16:28:00,149.99
2026-02-26 17:24:00,149.95
2026-02-26 18:28:00,149.99
2026-02-26 20:12:00,149.95
2026-02-26 20:16:00,149.95
2026-02-26 22:24:00,149.99
2026-02-26 22:34:00,149.99
2026-02-27 00:32:00,49.99
2026-02-27 03:32:00,149.95
2026-02-27 03:40:00,54.95
2026-02-27 05:42:00,49.99
2026-02-27 06:04:00,30.69
2026-02-27 06:30:00,39.78
2026-02-27 07:20:00,22.275
2026-02-27 09:00:00,149.95
2026-02-27 09:36:00,54.95
2026-02-27 09:52:00,49.99
2026-02-27 09:56:00,39.57
2026-02-27 11:08:00,219.99
2026-02-27 17:16:00,219.0
2026-02-27 19:18:00,54.95
2026-02-27 20:28:00,49.99
2026-02-27 22:10:00,54.95
2026-02-28 06:14:00,49.99
2026-02-28 07:22:00,24.58
2026-02-28 08:32:00,149.99
2026-02-28 08:58:00,149.99
2026-02-28 11:32:00,149.95
2026-02-28 12:24:00,149.99
2026-02-28 12:44:00,149.95
2026-02-28 13:54:00,149.99
2026-02-28 14:24:00,149.95
2026-02-28 16:48:00,149.95
2026-02-28 17:58:00,149.99
2026-02-28 19:58:00,30.66
2026-02-28 20:28:00,149.99
2026-03-01 00:00:00,40.47
2026-03-01 00:36:00,149.95
2026-03-01 01:46:00,149.99
2026-03-01 02:28:00,149.95
2026-03-01 06:04:00,24.59
2026-03-01 07:56:00,99.95
2026-03-01 08:24:00,39.95
2026-03-01 08:34:00,59.95
2026-03-01 08:56:00,149.95
2026-03-01 10:02:00,54.95
2026-03-01 19:08:00,40.7
2026-03-02 06:04:00,24.62
2026-03-02 06:32:00,19.99
2026-03-02 10:24:00,49.99
2026-03-02 10:40:00,145.18
2026-03-02 11:14:00,19.97
2026-03-02 15:30:00,145.0
2026-03-02 16:52:00,145.18
2026-03-02 20:32:00,119.98
2026-03-02 21:36:00,115.42
2026-03-03 07:12:00,119.98
2026-03-03 08:04:00,39.41
2026-03-03 10:08:00,115.42
2026-03-03 11:56:00,54.95
2026-03-03 12:40:00,119.98
2026-03-03 13:38:00,30.66
2026-03-03 18:46:00,149.99
2026-03-03 19:22:00,49.99
2026-03-03 19:52:00,149.95
2026-03-03 21:02:00,149.99
2026-03-04 01:12:00,149.95
2026-03-04 01:40:00,149.99
2026-03-04 02:54:00,54.95
2026-03-04 04:16:00,149.95
2026-03-04 07:06:00,49.99
2026-03-04 08:26:00,24.59
2026-03-04 10:10:00,149.99
2026-03-04 10:26:00,99.99
2026-03-04 14:16:00,30.66
2026-03-04 15:34:00,54.95
2026-03-04 16:20:00,149.95
2026-03-04 23:04:00,89.0
2026-03-04 23:44:00,99.99
2026-03-05 06:06:00,24.61
2026-03-06 05:08:00,114.95
2026-03-06 06:58:00,24.59
2026-03-06 13:18:00,119.98
2026-03-06 16:18:00,49.99
2026-03-06 18:00:00,54.95
2026-03-06 19:04:00,139.99
2026-03-06 22:40:00,135.42
2026-03-07 07:02:00,139.99
2026-03-07 07:16:00,134.95
2026-03-07 08:52:00,24.6
2026-03-07 11:40:00,135.43
2026-03-08 05:48:00,24.58
2026-03-08 07:40:00,184.99
2026-03-08 08:18:00,169.95
2026-03-08 08:22:00,29.95
2026-03-08 08:32:00,135.42
2026-03-08 10:12:00,39.95
2026-03-08 11:08:00,129.95
2026-03-08 13:52:00,129.95
2026-03-08 17:46:00,99.99
2026-03-09 04:14:00,98.0
2026-03-09 06:36:00,24.65
2026-03-09 07:04:00,97.95
2026-03-09 09:34:00,48.0
2026-03-09 11:20:00,99.0
2026-03-09 15:22:00,114.95
2026-03-09 16:16:00,199.0
2026-03-09 17:14:00,239.95
2026-03-09 20:56:00,224.0
2026-03-09 23:40:00,96.95
2026-03-09 23:48:00,30.63
2026-03-10 06:04:00,99.0
2026-03-10 06:54:00,24.6
2026-03-10 17:32:00,31.55
2026-03-10 23:54:00,94.95
2026-03-12 01:32:00,29.88
2026-03-12 13:12:00,67.92
2026-03-13 01:12:00,92.95
2026-03-13 08:48:00,24.64
2026-03-13 11:46:00,39.99
2026-03-13 17:56:00,64.4
2026-03-14 07:58:00,24.56
2026-03-14 15:12:00,67.92
2026-03-15 07:12:00,67.92
2026-03-15 14:28:00,229.0
2026-03-15 15:14:00,224.0
